original	conversation_id	article_id	essay	empathy	distress	speaker_id	gender	education	race	age	income	personality_conscientiousness	personality_openess	personality_extraversion	personality_agreeableness	personality_stability	iri_perspective_taking	iri_personal_distress	iri_fantasy	iri_empathatic_concern	speaker_number	split	essay_id	emotion
true	193	313	It's so sad the turning event of Immigrants status on their affairs and protection. After reading an article on the latest happening in Germany. the well known home for immigrants now going tough I feel remorse and deep pain for those who really need Sanctuaries which Germany was well known to offer before. Hopefully things will turn around	6.333333333333333	6.125	36	1	7	1	46	150000	3.5	4.0	4.0	5.0	3.0	3.286	3.857	3.0	2.857	2	train	692	Hope/Sadness
false	193	313	The change in immigrants' status and their access to support and security is truly disheartening. Upon perusing an article about the recent developments in Germany, a renowned haven for immigrants, it becomes evident that the situation has become more challenging. This fills me with regret and profound sorrow for those individuals who genuinely require safe spaces, something Germany was previously renowned for providing. One can only hope that circumstances will improve.	6.333333333333333	6.125	36	1	7	1	46	150000	3.5	4.0	4.0	5.0	3.0	3.286	3.857	3.0	2.857	2	train	692	Hope/Sadness
false	193	313	It is incredibly saddening to witness the shift in the circumstances and protection afforded to immigrants. Having come across an article detailing the latest events in Germany, a country that was once known for welcoming immigrants, it is disheartening to see the current toughened approach. I am overwhelmed with remorse and profound anguish for those individuals who are truly in need of sanctuary, something Germany was previously renowned for offering. Optimistically, the situation will take a positive turn.	6.333333333333333	6.125	36	1	7	1	46	150000	3.5	4.0	4.0	5.0	3.0	3.286	3.857	3.0	2.857	2	train	692	Hope/Sadness
false	193	313	The alteration in the status of immigrants and their access to assistance and safety is undeniably a cause for sadness. Upon reading an article on the recent developments in Germany, a country that was previously celebrated for its support of immigrants, it becomes apparent that the situation has become more arduous. This fills me with remorse and a deep sense of pain for those who genuinely require a place of refuge, something that Germany was well-known for providing in the past. Hopefully, there will be a reversal of these circumstances.	6.333333333333333	6.125	36	1	7	1	46	150000	3.5	4.0	4.0	5.0	3.0	3.286	3.857	3.0	2.857	2	train	692	Hope/Sadness
true	340	223	I feel bad for the mother and her two daughters that died in the accident. I'm a person that worries and being in a trailer would have me worrying. It is very sad that their life were cut short because they wanted to enjoy sometime together and go for a ride on Halloween.  I hope that the other people involved in the crash find peace.	6.5	2.875	30	1	6	3	37	40000	7.0	5.5	1.0	6.5	6.0	4.857	2.0	3.429	5.0	2	train	839	Hope/Sadness
false	340	223	My heart aches for the mother and her two daughters who tragically lost their lives in the accident. As someone who tends to be anxious, I can't help but feel concerned about being in a trailer myself. It is truly devastating that their lives were abruptly ended while they were simply seeking to cherish a shared moment and embark on a Halloween excursion. My sincere wish is that the other individuals affected by the crash are able to find solace.	6.5	2.875	30	1	6	3	37	40000	7.0	5.5	1.0	6.5	6.0	4.857	2.0	3.429	5.0	2	train	839	Hope/Sadness
false	340	223	The plight of the mother and her two daughters, who perished in the accident, fills me with deep sorrow. Being someone who is prone to worrying, the mere thought of being in a trailer intensifies my concerns. It is an incredibly tragic circumstance that their lives were tragically cut short as they sought to create joyful memories and embark on a Halloween adventure. I earnestly hope that the other individuals involved in the collision can eventually discover inner peace.	6.5	2.875	30	1	6	3	37	40000	7.0	5.5	1.0	6.5	6.0	4.857	2.0	3.429	5.0	2	train	839	Hope/Sadness
false	340	223	It is truly disheartening to witness the unfortunate fate of the mother and her two daughters, who lost their lives in the accident. As an individual who tends to worry, the idea of being in a trailer would undoubtedly heighten my anxieties. The fact that their lives were abruptly ended while they were simply trying to enjoy a shared experience and embark on a Halloween outing is incredibly saddening. My deepest hope is that the other individuals impacted by the crash can eventually find solace and tranquility.	6.5	2.875	30	1	6	3	37	40000	7.0	5.5	1.0	6.5	6.0	4.857	2.0	3.429	5.0	2	train	839	Hope/Sadness
true	392	270	I feel so bad for the victims and the victims families. They were just doing there job and this careless explosion cause them to lose there lives. It is sad that they know how deadly and unsafe these worker conditions are but still have yet to close them. I am happy they are set to close around 1,000 but i think more has to be done. There should be a council and regulations set up like osha in the us to protect workers and make sure all precautions are being done to preserve human life. Now families are left without there sons fathers and incomes when they could have easily just shut this down. I hope for safer woring conditions in the future.	6.0	6.0	53	2	3	1	27	25000	6.0	6.0	6.0	6.0	6.0	4.0	2.286	3.571	3.714	2	train	891	Hope/Sadness
false	392	270	I empathize deeply with the victims and their families. They were simply carrying out their duties when this unfortunate explosion, resulting from negligence, tragically claimed their lives. It is disheartening that despite being aware of the hazardous and insecure working conditions, no action has been taken to shut down these facilities. While I appreciate the closure of approximately 1,000 establishments, I believe more needs to be accomplished. It is crucial to establish a governing body and implement regulations similar to OSHA in the US, ensuring the protection of workers and the implementation of all necessary precautions to safeguard human life. Currently, families are left bereft of their beloved sons, fathers, and sources of income, when a simple closure could have prevented this loss. I fervently hope for improved working conditions in the future.	6.0	6.0	53	2	3	1	27	25000	6.0	6.0	6.0	6.0	6.0	4.0	2.286	3.571	3.714	2	train	891	Hope/Sadness
false	392	270	I feel immense sympathy for the victims and their families. They were merely fulfilling their job responsibilities when this unfortunate explosion, caused by sheer carelessness, resulted in the loss of their lives. It is truly tragic that the awareness of the life-threatening and unsafe working conditions did not prompt immediate closure. Although I am glad that around 1,000 establishments are scheduled for closure, I strongly believe that more comprehensive measures are required. The formation of a council and the implementation of regulations, similar to the US's OSHA, should be prioritized to safeguard workers and ensure the strict adherence to safety measures for the preservation of human life. As a consequence of the failure to act promptly, families are now left without their sons, fathers, and a source of income that could have been easily avoided. I earnestly hope for improved working conditions in the future.	6.0	6.0	53	2	3	1	27	25000	6.0	6.0	6.0	6.0	6.0	4.0	2.286	3.571	3.714	2	train	891	Hope/Sadness
false	392	270	I harbor profound sadness for the victims and the victims' families. They were simply performing their job duties when this reckless explosion, which could have been prevented, tragically snatched away their lives. It is disheartening to know that despite being aware of the lethal and unsafe working conditions, the authorities have yet to take the necessary steps to shut down such operations. While I find solace in the fact that approximately 1,000 establishments are slated for closure, I strongly believe that more extensive actions are imperative. A council and regulatory framework, akin to the US's OSHA, should be established to safeguard workers and ensure the strict implementation of safety precautions to preserve human life. At present, families are left without their sons, fathers, and sources of income, all of which could have been avoided through a simple shutdown. I fervently hope for enhanced working conditions in the future.	6.0	6.0	53	2	3	1	27	25000	6.0	6.0	6.0	6.0	6.0	4.0	2.286	3.571	3.714	2	train	891	Hope/Sadness
true	304	347	One of the biggest fears of a parent, is that they die and can not protect their children especially when they are young, like the children in the article.  The mother has a lot of faith in her child to leave her by herself at the age of 12. It is a sad reminder that some people do not get a childhood and life is very hard. I hope they all get the food that they need.	6.666666666666667	6.375	30	1	6	3	37	40000	7.0	5.5	1.0	6.5	6.0	4.857	2.0	3.429	5.0	2	train	803	Hope/Sadness
false	304	347	One of the primary concerns for a parent is the fear of passing away and being unable to safeguard their children, particularly when they are young, as depicted in the article. The mother exhibits significant trust in her 12-year-old child by leaving her alone. It serves as a poignant reminder that certain individuals are deprived of a proper childhood, and life can be extraordinarily challenging. My earnest wish is that they all receive the nourishment they require.	6.666666666666667	6.375	30	1	6	3	37	40000	7.0	5.5	1.0	6.5	6.0	4.857	2.0	3.429	5.0	2	train	803	Hope/Sadness
false	304	347	A major apprehension for parents is the thought of their demise, leaving their children vulnerable, especially when they are young, just like the children mentioned in the article. The mother demonstrates immense faith in her 12-year-old child by leaving her alone. It is a somber realization that some individuals are deprived of a carefree childhood, while life presents formidable hardships. I sincerely hope that they all receive adequate nourishment.	6.666666666666667	6.375	30	1	6	3	37	40000	7.0	5.5	1.0	6.5	6.0	4.857	2.0	3.429	5.0	2	train	803	Hope/Sadness
false	304	347	One of the greatest concerns a parent faces is the fear of not being able to protect their children, particularly when they are young, similar to the children mentioned in the article. The mother places a considerable amount of trust in her 12-year-old child by leaving her alone. It serves as a poignant reminder that some individuals are denied a proper childhood, and life can be exceedingly difficult. My hope is that they all receive the necessary sustenance.	6.666666666666667	6.375	30	1	6	3	37	40000	7.0	5.5	1.0	6.5	6.0	4.857	2.0	3.429	5.0	2	train	803	Hope/Sadness
true	263	34	I feel sorry for the people living in that region. I hate that children have to go through that and have a life of war and no hope. I hope the UN helps the people with root of the problem and helps them get jobs,food, shelter, and healthcare. I hope the European countries allow some of the people to stay to take the pressure off their home countries.	6.666666666666667	6.625	30	1	6	3	37	40000	7.0	5.5	1.0	6.5	6.0	4.857	2.0	3.429	5.0	1	train	262	Hope/Sadness
false	263	34	I sympathize with the individuals residing in that particular area. It pains me to witness children enduring such circumstances, deprived of a life filled with hope but instead trapped in a cycle of war. I fervently wish for the United Nations to address the underlying issues and provide assistance in terms of employment, sustenance, shelter, and healthcare. Additionally, I hope that European countries extend their support by offering refuge to alleviate the burden on their home nations.	6.666666666666667	6.625	30	1	6	3	37	40000	7.0	5.5	1.0	6.5	6.0	4.857	2.0	3.429	5.0	1	train	262	Hope/Sadness
false	263	34	My heart goes out to the people residing in that region. It is distressing to witness children enduring such circumstances, living a life overshadowed by war and devoid of hope. I sincerely hope that the United Nations intervenes by addressing the root causes and extending aid in the form of job opportunities, sustenance, shelter, and healthcare. Furthermore, I hope that European countries open their doors to accommodate some of these individuals, alleviating the strain on their home countries.	6.666666666666667	6.625	30	1	6	3	37	40000	7.0	5.5	1.0	6.5	6.0	4.857	2.0	3.429	5.0	1	train	262	Hope/Sadness
false	263	34	I deeply empathize with the individuals residing in that particular region. It is truly disheartening to observe children enduring such hardships, subjected to a life overshadowed by war and devoid of any glimpse of hope. My genuine hope is that the United Nations takes proactive measures to address the underlying issues and provides comprehensive support, including employment opportunities, access to food, shelter, and healthcare. Additionally, I hope that European countries demonstrate compassion by granting refuge to some of these individuals, thereby alleviating the burden on their home nations.	6.666666666666667	6.625	30	1	6	3	37	40000	7.0	5.5	1.0	6.5	6.0	4.857	2.0	3.429	5.0	1	train	262	Hope/Sadness
true	405	92	After reading the article, you just can't help but feel really sad for the boy and his family. It's so sad because he was just doing his family a favor by harvesting crops when he fell. It's so unfortunate as well because he was so young and he had his whole life ahead of him. Hopefully his parents are able to move on with life peacefully.	1.0	1.5	17	1	6	1	29	85000	6.75	6.75	6.75	6.75	7.0	4.643	2.0715	4.143	4.643	2	train	904	Hope/Sadness
false	405	92	Upon perusing the article, one cannot escape the overwhelming sadness that envelops them for the boy and his family. The poignant aspect lies in the fact that he was merely assisting his family by tending to the crop when he tragically met with an accident. The unfortunate circumstances are further compounded by his tender age and the potential he had for a bright future. May his parents find solace and be able to navigate life with tranquility.	1.0	1.5	17	1	6	1	29	85000	6.75	6.75	6.75	6.75	7.0	4.643	2.0715	4.143	4.643	2	train	904	Hope/Sadness
false	405	92	Having read the article, it is impossible not to feel an intense wave of sadness for the boy and his family. The sheer tragedy lies in the fact that he was simply performing a favor for his family by harvesting crops when he suffered a fall. The unfortunate incident is further exacerbated by his young age and the endless possibilities that lay ahead of him. It is my fervent hope that his parents can find peace and serenity as they move forward in life.	1.0	1.5	17	1	6	1	29	85000	6.75	6.75	6.75	6.75	7.0	4.643	2.0715	4.143	4.643	2	train	904	Hope/Sadness
false	405	92	After going through the article, an overwhelming sense of sorrow grips one's heart for the boy and his family. The sheer sadness emanates from the fact that he was selflessly helping his family by engaging in crop harvesting when he tragically fell. The profound misfortune is intensified by his tender age and the vast opportunities that lay ahead of him. I sincerely hope that his parents can find solace and forge ahead in life with tranquility.	1.0	1.5	17	1	6	1	29	85000	6.75	6.75	6.75	6.75	7.0	4.643	2.0715	4.143	4.643	2	train	904	Hope/Sadness
true	430	397	This was sad and I hope they can do something about it.  I hate that the wildlife is suffering since it is so innocent.  Maybe the government should make more efforts to fix this situation or at least improve it.  I get that it takes resources to do things but maybe they could find some small way to make a difference.  It seems like the ecosystem is in serious danger if nothing is done so someone needs to act fast for the sake of the animals who are helpless victims of this situation.	1.5	1.0	24	2	7	1	38	42000	7.0	3.5	6.5	5.5	6.5	3.429	2.714	2.571	3.857	2	train	929	Hope/Sadness
false	430	397	It is truly disheartening, and I earnestly wish for proactive measures to be taken. The innocent wildlife enduring suffering is something I deeply despise. Perhaps the government should exert greater efforts to rectify or, at the very least, ameliorate this situation. While I understand that implementing solutions requires resources, it may be possible to identify small-scale approaches that can make a difference. The ecosystem appears to be gravely endangered, emphasizing the urgency for swift action on behalf of the helpless animal victims.	1.5	1.0	24	2	7	1	38	42000	7.0	3.5	6.5	5.5	6.5	3.429	2.714	2.571	3.857	2	train	929	Hope/Sadness
false	430	397	The sadness surrounding this situation is undeniable, and I sincerely hope that effective actions will be taken. It pains me to witness the innocent wildlife suffering unjustly. It is crucial for the government to allocate more resources and make concentrated efforts to address and improve this predicament. While I acknowledge the challenges associated with resource allocation, it is worth exploring small-scale initiatives that can have a meaningful impact. The peril faced by the ecosystem underscores the pressing need for someone to take swift action on behalf of the defenseless animals who are the victims of this distressing situation.	1.5	1.0	24	2	7	1	38	42000	7.0	3.5	6.5	5.5	6.5	3.429	2.714	2.571	3.857	2	train	929	Hope/Sadness
false	430	397	This is undeniably a tragic situation, and I am hopeful that remedial measures will be pursued. The suffering endured by the innocent wildlife is truly heartbreaking. It is imperative for the government to intensify its efforts to rectify or, at the very least, enhance the current state of affairs. While I understand the constraints posed by resource availability, it may be possible to discover small-scale endeavors that can bring about a positive change. The precarious state of the ecosystem emphasizes the urgency for swift action on behalf of the defenseless animals who find themselves as helpless victims in this situation.	1.5	1.0	24	2	7	1	38	42000	7.0	3.5	6.5	5.5	6.5	3.429	2.714	2.571	3.857	2	train	929	Hope/Sadness
true	308	48	This is a very heartbreaking article. It's hard to read what is happening to people in other parts of the world. I can't believe people would leave their parents and elderly family members behind in a war. It's unimaginable. And to make matters worse, there is hardly any food for them in their homes. They're under constant attack and can't even get basic medications that we take for granted every day here in the US. I truly hope the wars stop and these people can get some assistance rebuilding their lives and homes. More effort needs to go into donating to the charities that help in these areas. I can understand why some would not want to travel and live there, considering there is a high probability of death from an airstrike but the people should at least have basic food items, clothing 	3.5	5.5	38	2	6	1	35	148000	6.5	2.5	1.0	4.5	4.0	4.571	2.0	1.857	4.0	1	train	307	Hope/Sadness
false	308	48	This article is truly heart-wrenching. It is challenging to come to terms with the plight of individuals in different parts of the world. The fact that people would abandon their parents and elderly relatives during times of war is beyond comprehension. Additionally, the scarcity of food in their homes exacerbates the situation. They constantly face attacks and lack access to basic medications that we often take for granted in the US. My earnest desire is for the cessation of wars and for these individuals to receive the necessary assistance to rebuild their lives and homes. It is crucial to prioritize greater efforts in donating to charities that aid these regions. While I can understand why some would be hesitant to travel and reside there, given the high risk of death from airstrikes, the least these people should have is access to essential food items and clothing.	3.5	5.5	38	2	6	1	35	148000	6.5	2.5	1.0	4.5	4.0	4.571	2.0	1.857	4.0	1	train	307	Hope/Sadness
false	308	48	This article is incredibly distressing. Reading about the struggles endured by individuals in other parts of the world is profoundly disheartening. It is unfathomable to think that people would forsake their parents and elderly family members during times of war. To compound matters, their homes lack sufficient food, leaving them in a dire situation. They face constant attacks and are deprived of basic medications that we often take for granted in the US. My sincerest hope is for an end to these wars, allowing these people to receive the assistance needed to rebuild their lives and homes. Donating to charities dedicated to helping these regions requires heightened efforts. While I understand the hesitation some may feel about traveling and living there, given the high likelihood of death from airstrikes, it is imperative that these individuals at least have access to essential food items and clothing.	3.5	5.5	38	2	6	1	35	148000	6.5	2.5	1.0	4.5	4.0	4.571	2.0	1.857	4.0	1	train	307	Hope/Sadness
false	308	48	The article is profoundly heartbreaking. It is truly difficult to read about the plight of people in other parts of the world. The fact that some individuals would abandon their parents and elderly family members amidst the chaos of war is beyond comprehension. To make matters worse, their homes are devoid of sufficient food supplies, leaving them in a state of extreme vulnerability. They face incessant attacks and are unable to obtain even basic medications that we often take for granted in the US. My utmost hope is for the cessation of these wars and for these people to receive the necessary assistance in rebuilding their lives and homes. It is vital to dedicate more effort to donating to charities that actively support these areas. While I understand the reluctance of some to travel and reside there, considering the high probability of death from airstrikes, it is essential that these individuals, at the very least, have access to fundamental necessities such as food items and clothing.	3.5	5.5	38	2	6	1	35	148000	6.5	2.5	1.0	4.5	4.0	4.571	2.0	1.857	4.0	1	train	307	Hope/Sadness
true	2	35	It breaks my heart to see people living in those conditions. I hope that all the aid that was sent to the island makes it to the people who need it the most. I do not know what I would do it that was my family and I. I would hope that I would do my best, but I can see how depressing and hopeless you could feel having your whole life changed because of a storm and not knowing where your next meal is coming from.	6.833333333333333	6.625	30	1	6	3	37	40000	7.0	5.5	1.0	6.5	6.0	4.857	2.0	3.429	5.0	1	train	1	Hope/Sadness
false	2	35	Witnessing people living in such conditions is truly heartbreaking. My sincere wish is that all the aid dispatched to the island reaches those who are in dire need of it. It's difficult to imagine what I would do if it were my own family and me facing such circumstances. I would hope to muster the strength to do my best, but I understand how deeply depressing and hopeless it can feel when one's entire life is upended by a storm, with uncertainty looming over the availability of the next meal.	6.833333333333333	6.625	30	1	6	3	37	40000	7.0	5.5	1.0	6.5	6.0	4.857	2.0	3.429	5.0	1	train	1	Hope/Sadness
false	2	35	It deeply saddens me to observe individuals enduring such living conditions. I hold genuine hope that the aid sent to the island reaches those who are most in need. Imagining myself in a similar situation with my family, I can't help but acknowledge the overwhelming challenges one would face. The experience of having one's entire life disrupted by a storm, coupled with the uncertainty surrounding basic sustenance, can undoubtedly instill feelings of despair and hopelessness.	6.833333333333333	6.625	30	1	6	3	37	40000	7.0	5.5	1.0	6.5	6.0	4.857	2.0	3.429	5.0	1	train	1	Hope/Sadness
false	2	35	It is truly heartbreaking to witness people living in such dire conditions. My heartfelt hope is that the aid sent to the island reaches those who require it the most. Reflecting on the scenario, I cannot fathom the challenges I would face if it were my own family and me in that situation. I would aspire to do my utmost, but I can understand how profoundly disheartening and despairing it would be to have one's entire life altered by a storm and to be uncertain about the next meal.	6.833333333333333	6.625	30	1	6	3	37	40000	7.0	5.5	1.0	6.5	6.0	4.857	2.0	3.429	5.0	1	train	1	Hope/Sadness
true	192	313	It hurts my heart to think about all the people who leave the place of their birth only not to find a home that they are looking for. I would love to see the day were people treat all other humans like people no matter how they look and where they are from. I wonder why people can not relate to other people and just help.	5.666666666666667	5.375	30	1	6	3	37	40000	7.0	5.5	1.0	6.5	6.0	4.857	2.0	3.429	5.0	1	train	191	Hope/Sadness
false	192	313	The thought of individuals leaving their birthplace in search of a home, only to face disappointment, deeply saddens me. I long for a world where every person is treated with dignity and respect, regardless of their appearance or origin. It puzzles me why people struggle to empathize and extend a helping hand to others.	5.666666666666667	5.375	30	1	6	3	37	40000	7.0	5.5	1.0	6.5	6.0	4.857	2.0	3.429	5.0	1	train	191	Hope/Sadness
false	192	313	Contemplating the plight of those who leave their birthplace in search of a place to call home evokes a profound sense of sadness. My heartfelt desire is to witness a day when every human being is treated with compassion and equality, irrespective of their physical appearance or nationality. I am left wondering why people find it difficult to connect with and assist one another.	5.666666666666667	5.375	30	1	6	3	37	40000	7.0	5.5	1.0	6.5	6.0	4.857	2.0	3.429	5.0	1	train	191	Hope/Sadness
false	192	313	The pain in my heart intensifies when I consider the individuals who leave their birthplace, only to find themselves without a true home. I yearn for a world where every human being is regarded as an equal, regardless of their outward appearance or geographical origin. It bewilders me why people struggle to relate to others and extend a helping hand.	5.666666666666667	5.375	30	1	6	3	37	40000	7.0	5.5	1.0	6.5	6.0	4.857	2.0	3.429	5.0	1	train	191	Hope/Sadness
true	437	308	This article really brings you back down to earth. It shows everything in science is not correct and there is still much for us to learn. It is scary that these animals were never known to carry this disease and now they do and I wonder if somewhere someone mutated there genes and now there are many out there spreading the disease. It is so sad these little guys much be in so much pain at the end and theres nothing they can do to alleviate it. I hope somehow they do more research to find some way to stop the spread of it before the whole species goes extinct. I feel grateful this conservationist is the one who noticed and gained more attention for the cause as other people came forward witht the same concerns.	5.0	5.0	53	2	3	1	27	25000	6.0	6.0	6.0	6.0	6.0	4.0	2.286	3.571	3.714	2	train	936	Hope/Sadness
false	437	308	This article serves as a stark reminder of the realities we face. It highlights the fallibility of scientific understanding and the vast amount of knowledge that remains elusive to us. It is disconcerting to realize that these animals were previously unaware carriers of the disease, and now there is a possibility that genetic mutations have caused its spread among their population. The suffering endured by these creatures is undeniably heart-wrenching, with no means for them to alleviate their pain. I sincerely hope that further research is conducted to identify ways to halt the disease's progression before it leads to the extinction of the entire species. I am grateful for the conservationist who brought attention to this issue, prompting others to voice their concerns.	5.0	5.0	53	2	3	1	27	25000	6.0	6.0	6.0	6.0	6.0	4.0	2.286	3.571	3.714	2	train	936	Hope/Sadness
false	437	308	This article truly grounds us and reminds us of the complexity of the world we inhabit. It underscores the fallibility of scientific knowledge and the vast expanse of yet-to-be-discovered information. The realization that these animals, previously free from the disease, have now become carriers, raises concerns about genetic mutations and the potential for widespread transmission. The profound sadness lies in the suffering endured by these innocent creatures, with no relief in sight. My fervent hope is that extensive research will be conducted to halt the disease's spread before it leads to the extinction of the entire species. I express gratitude towards the conservationist who raised awareness and encouraged others to share their concerns.	5.0	5.0	53	2	3	1	27	25000	6.0	6.0	6.0	6.0	6.0	4.0	2.286	3.571	3.714	2	train	936	Hope/Sadness
false	437	308	This article serves as a humbling reminder of our place in the world. It sheds light on the fallibility of scientific understanding and the vast realm of knowledge that remains beyond our grasp. The discovery that these animals, previously unaffected by the disease, now carry it raises alarming questions about potential genetic mutations and the subsequent spread of the ailment. The sorrowful reality is that these small creatures endure immense pain without any means of alleviating it. I earnestly hope that extensive research will be conducted to find ways to curtail the disease's transmission before it leads to the extinction of the entire species. I am grateful to the conservationist who noticed and drew attention to this issue, prompting others to express similar concerns.	5.0	5.0	53	2	3	1	27	25000	6.0	6.0	6.0	6.0	6.0	4.0	2.286	3.571	3.714	2	train	936	Hope/Sadness
true	24	281	I just read a really interesting but depressing article. It was about a woman who lived in the UK. She was the founding editor of Elle magazine. She was only thirty when the magazine started which is crazy to me. Imagine being thirty and running a whole magazine. She suffered from depression all of her life and even wrote a book about it. She was admitted into a mental hospital because she was struggling with her depression. The mental hospoital cleared her and let her go. Soon after she walked into the ocean and drowned. It is so sad that she did not get the help she needed. I hope all of our friends know that we are here for them and support them no matter whatthey are going through. 	6.0	2.125	20	1	3	1	33	58000	6.5	5.5	5.0	6.5	6.5	3.714	2.286	3.286	4.571	1	train	23	Hope/Sadness
false	24	281	I recently came across a truly intriguing yet profoundly disheartening article. It revolved around a woman who resided in the UK and held the esteemed position of being the founding editor of Elle magazine. What amazed me was that she embarked on this journey at the young age of thirty. It's remarkable to imagine running an entire magazine at such a tender age. However, her life was marked by a long-standing battle with depression, which she chronicled in a book. Struggling with her mental health, she was admitted to a mental hospital for treatment. Unfortunately, despite being cleared by the hospital, she tragically walked into the ocean and met her untimely demise. The fact that she didn't receive the necessary assistance is undeniably heartbreaking. It is my sincere hope that all our friends are aware of our unwavering support, knowing that we stand by them through all their struggles. 	6.0	2.125	20	1	3	1	33	58000	6.5	5.5	5.0	6.5	6.5	3.714	2.286	3.286	4.571	1	train	23	Hope/Sadness
false	24	281	I recently read a captivating yet deeply sorrowful article. It centered around a woman who resided in the UK and held the esteemed role of being the founding editor of Elle magazine. What astounded me was that she assumed this significant responsibility at the tender age of thirty. The remarkable feat of running an entire magazine at such a young age is truly awe-inspiring. However, her life was marred by a lifelong battle with depression, which she bravely chronicled in a book. Despite seeking help and being admitted to a mental hospital, she tragically chose to end her life by walking into the ocean. The fact that she did not receive the essential support she needed is truly devastating. I earnestly hope that all our friends are aware of our unwavering presence and support, no matter the challenges they may be facing. 	6.0	2.125	20	1	3	1	33	58000	6.5	5.5	5.0	6.5	6.5	3.714	2.286	3.286	4.571	1	train	23	Hope/Sadness
false	24	281	I recently came across an article that was both captivating and profoundly melancholic. It featured a woman who lived in the UK and held the remarkable position of being the founding editor of Elle magazine. What struck me was the astonishing fact that she embarked on this journey at the young age of thirty. It is truly remarkable to envision running an entire magazine at such an early stage in life. However, her existence was plagued by a lifelong struggle with depression, which she openly addressed in a book. Battling her mental health issues, she sought help and was admitted to a mental hospital. Tragically, despite being cleared by the hospital, she chose to walk into the ocean and met a heartbreaking fate. The lack of adequate assistance she received is truly saddening. I sincerely hope that all our friends know that we are here for them, providing unwavering support no matter what challenges they may be confronting. 	6.0	2.125	20	1	3	1	33	58000	6.5	5.5	5.0	6.5	6.5	3.714	2.286	3.286	4.571	1	train	23	Hope/Sadness
true	206	201	Dear friend,                                          I have recently just read an article about a horrible shooting in Charlotte. It was a black man who was killed by the police. This is just one of many such cases unfortunately. I think there is a problem in this country and I hope that it can be solved one day.	4.833333333333333	3.0	7	1	2	5	29	44000	5.5	6.0	4.5	6.0	5.0	3.714	3.0	3.429	3.429	1	train	205	Hope
false	206	201	Hello there, I recently came across an article discussing a tragic incident in Charlotte involving a shooting. It involved a black man who lost his life due to police action. Regrettably, this is just one instance among numerous similar cases. It is my sincere hope that we can address the underlying issues in our country and strive for a solution in the future.	4.833333333333333	3.0	7	1	2	5	29	44000	5.5	6.0	4.5	6.0	5.0	3.714	3.0	3.429	3.429	1	train	205	Hope
false	206	201	Dear acquaintance, I've recently perused an article detailing a distressing shooting incident that occurred in Charlotte. The victim of this unfortunate incident was a black man who tragically lost his life at the hands of the police. Sadly, this is only one of many such occurrences. I strongly believe that our nation faces a problem that needs to be resolved, and I hold onto the hope that one day we will find a solution.	4.833333333333333	3.0	7	1	2	5	29	44000	5.5	6.0	4.5	6.0	5.0	3.714	3.0	3.429	3.429	1	train	205	Hope
false	206	201	Greetings, I recently finished reading an article that shed light on a dreadful shooting incident that took place in Charlotte. The victim, an African American man, was fatally shot by a police officer. Unfortunately, this is just one of numerous similar cases that have come to our attention. It is my ardent wish that we can address this issue within our country and work towards a resolution in due time.	4.833333333333333	3.0	7	1	2	5	29	44000	5.5	6.0	4.5	6.0	5.0	3.714	3.0	3.429	3.429	1	train	205	Hope
true	290	71	I feel for both sides on this one. The police and people are trying to protect the sacred wild life and beings but also the village is probably needing the meat of the animal or the money from selling it as they are a very poor country. I can see being so desperate in a third world country that this would seem like the police are cutting off or taking your only source of livlihood. These poor guys however they are just trying to protect and do what is right they do not deserve to be so violently attacked im suprised they were able to live through such a brutal beating. I hope more is done to help the police but also the village 	6.0	6.0	53	2	3	1	27	25000	6.0	6.0	6.0	6.0	6.0	4.0	2.286	3.571	3.714	1	train	289	Hope
false	290	71	My sympathies extend to both sides in this situation. The authorities and the local population are both driven by different motives: safeguarding the invaluable wildlife and its habitats, versus the villagers' potential reliance on the animal for sustenance or income due to their impoverished circumstances. I can envision the extreme desperation one might feel in a developing nation, where it could appear that law enforcement is depriving or confiscating their sole means of survival. These unfortunate individuals, however, are merely attempting to safeguard and uphold what they believe to be just. They certainly don't deserve to endure such a vicious assault, and it astonishes me that they managed to survive such a merciless thrashing. I sincerely hope that greater efforts are made to support both the police and the village. 	6.0	6.0	53	2	3	1	27	25000	6.0	6.0	6.0	6.0	6.0	4.0	2.286	3.571	3.714	1	train	289	Hope
false	290	71	I empathize with both parties involved in this matter. On one hand, the police and the community are striving to protect the invaluable wildlife and its inhabitants, while on the other hand, the village likely relies on the animal either for nourishment or to generate income due to their profound poverty. I can comprehend the profound desperation one might experience in a developing country, where it could seem as though law enforcement is severing or appropriating their sole means of survival. These unfortunate individuals, however, are simply endeavoring to safeguard and uphold what they perceive to be right. They definitely don't deserve to endure such a brutal attack, and it astounds me that they managed to survive such a savage beating. I sincerely hope that more measures are taken to assist both the police and the village. 	6.0	6.0	53	2	3	1	27	25000	6.0	6.0	6.0	6.0	6.0	4.0	2.286	3.571	3.714	1	train	289	Hope
false	290	71	I have compassion for both sides in this situation. The police and the local population are both attempting to protect the sacred wildlife and its creatures, while the village likely requires the animal's meat or the funds from its sale, given their extreme poverty. I can imagine the desperation that might arise in a third-world country, where it would seem like the police are depriving them of their sole source of livelihood. These unfortunate individuals, however, are merely striving to safeguard and do what is morally right. They don't deserve to be subjected to such a violent attack, and I'm surprised they managed to survive such a brutal beating. I hope that more actions are taken to support both the police and the village. 	6.0	6.0	53	2	3	1	27	25000	6.0	6.0	6.0	6.0	6.0	4.0	2.286	3.571	3.714	1	train	289	Hope
true	407	331	Being a woman myself i find this article very troubling. With all the movements and awareness and activisim for women in america we should be number one in all gender equality categories. I think less women are working or making it to senior positions because in todays society alot of women are shamed for working to hard and not having children. It's also apparent its still a man world with women on average making 50 percent less then men so there is not much motivation to go higher. I think with more focus on girls and stem learning our next generation of women will feel very empowered in math science and technology a place alot of women lack it. The future deinitly gives me hope for my gender to succeed.	6.0	5.875	53	2	3	1	27	25000	6.0	6.0	6.0	6.0	6.0	4.0	2.286	3.571	3.714	1	train	406	Hope
false	407	331	As a woman myself, I find this article deeply concerning. Despite the numerous movements, awareness campaigns, and activism for women's rights in America, we should be leading in all aspects of gender equality. I believe that fewer women are pursuing careers or reaching senior positions because our society often stigmatizes hardworking women who choose not to have children. Moreover, it is evident that we still live in a male-dominated world, with women, on average, earning only half of what men earn, creating little incentive for upward mobility. By placing greater emphasis on girls' education in STEM fields, we can empower the next generation of women to excel in math, science, and technologyâ€”an area where many women currently face challenges. The future fills me with hope for the success of my gender.	6.0	5.875	53	2	3	1	27	25000	6.0	6.0	6.0	6.0	6.0	4.0	2.286	3.571	3.714	1	train	406	Hope
false	407	331	As a woman myself, I am deeply troubled by this article. Despite the progress made through various movements, awareness efforts, and activism for women's rights in America, we should be leading the way in all aspects of gender equality. I believe that the decreasing number of women in the workforce or in senior positions is a result of the societal pressure on women who work hard but choose not to have children. Additionally, the persisting gender pay gap, with women earning an average of 50 percent less than men, creates little motivation to strive for higher positions. By focusing more on girls' education and encouraging their participation in STEM fields, we can empower the next generation of women to feel confident in mathematics, science, and technology, which are areas where many women currently lack representation. The future instills hope in me that my gender will succeed.	6.0	5.875	53	2	3	1	27	25000	6.0	6.0	6.0	6.0	6.0	4.0	2.286	3.571	3.714	1	train	406	Hope
false	407	331	Being a woman myself, I find this article deeply unsettling. Despite the multitude of movements, awareness campaigns, and activism for women in America, it is disheartening that we have not yet achieved the top spot in all aspects of gender equality. In my opinion, one of the reasons why fewer women are working or reaching senior positions is the societal judgment faced by hardworking women who prioritize their careers over having children. Furthermore, the fact that women, on average, earn only 50 percent of what men do indicates that we still live in a predominantly male-oriented world, providing little motivation to strive for higher positions. However, I believe that by placing a stronger focus on girls' education and promoting their involvement in STEM subjects, we can empower the next generation of women to feel confident in fields like math, science, and technology, where women's participation is currently lacking. The future fills me with hope for the success of my gender.	6.0	5.875	53	2	3	1	27	25000	6.0	6.0	6.0	6.0	6.0	4.0	2.286	3.571	3.714	1	train	406	Hope
true	240	245	Articles like this really hit home for me. I think older people should really be protected and watched carefully as this happens alot. Alot suffer from dimentia and have no idea what is going on and can get lost very easily. It makes me think if this was my parent or grandparent I would be heartbroken. She was wondering with no coat probaly cold and very scared. I am very thankful that these officers found her before something bad happened to her. I hope she is able to be reunited with her family quickly and they put safeguards in place so it never happends again. Mayb it is to much for the family now and she requires more assistance like a group home.	6.0	6.0	53	2	3	1	27	25000	6.0	6.0	6.0	6.0	6.0	4.0	2.286	3.571	3.714	2	train	739	Hope
false	240	245	Articles like this really resonate with me. I strongly believe that older individuals should receive proper protection and vigilant monitoring, as situations like these are distressingly common. Many seniors suffer from dementia, leaving them unaware of their surroundings and prone to getting lost easily. It evokes a deep sense of empathy within me, as I contemplate how devastating it would be if this happened to my own parent or grandparent. To imagine them wandering without a coat, feeling cold and frightened, breaks my heart. I am immensely grateful that these officers located her before any harm befell her. I sincerely hope that she can swiftly reunite with her family, and that effective safeguards are implemented to prevent such incidents from occurring again. Perhaps the family is currently overwhelmed, and she might require additional assistance, such as residing in a group home.	6.0	6.0	53	2	3	1	27	25000	6.0	6.0	6.0	6.0	6.0	4.0	2.286	3.571	3.714	2	train	739	Hope
false	240	245	I find articles like this incredibly relatable. It truly emphasizes the importance of safeguarding and closely monitoring older individuals, as this type of situation is unfortunately quite common. Many seniors endure the challenges of dementia, leaving them disoriented and highly susceptible to getting lost. The mere thought of this happening to my own parent or grandparent fills me with profound sorrow. Imagining them wandering aimlessly, without a coat, feeling cold and terrified, is truly heartbreaking. I feel an immense sense of gratitude towards the officers who found her before any unfortunate incidents occurred. My sincerest wish is for her to be swiftly reunited with her family, and for effective preventive measures to be established, ensuring that such incidents never happen again. Perhaps, given the circumstances, the family might consider seeking additional support, such as a group home, to provide the necessary care and assistance.	6.0	6.0	53	2	3	1	27	25000	6.0	6.0	6.0	6.0	6.0	4.0	2.286	3.571	3.714	2	train	739	Hope
false	240	245	This type of article deeply resonates with me. It underscores the urgent need to protect and closely monitor older individuals, as these incidents occur far too frequently. Numerous seniors suffer from dementia, rendering them unaware of their surroundings and highly prone to becoming lost. Contemplating the possibility of this happening to my own parent or grandparent fills me with profound sadness. The image of them wandering, without a coat, feeling cold and frightened, is absolutely heart-wrenching. I am immensely grateful that the officers located her before any harm befell her. My hope is that she can be promptly reunited with her family, and that comprehensive safeguards are implemented to prevent such incidents from recurring. It may be beneficial for the family to consider additional support options, such as a group home, to ensure her well-being and provide the necessary assistance.	6.0	6.0	53	2	3	1	27	25000	6.0	6.0	6.0	6.0	6.0	4.0	2.286	3.571	3.714	2	train	739	Hope
true	165	375	Why would people go to Norway to mess with the polar bears? I do not understand what people are thinking sometimes. I wish people would just leave the polar bears and other animals alone for they can live their life just as people live their life. I hope one day the population of polar bears comes back up to normal.	1.0	6.75	30	1	6	3	37	40000	7.0	5.5	1.0	6.5	6.0	4.857	2.0	3.429	5.0	1	train	164	Hope
false	165	375	I fail to comprehend the motives behind individuals visiting Norway with the intention of disturbing the polar bears. Occasionally, human behavior eludes my understanding. It is my sincere desire that people would refrain from interfering with the polar bears and other creatures, allowing them to lead their lives akin to the way humans lead theirs. I hold hope for a future where the polar bear population will be restored to its former numbers.	1.0	6.75	30	1	6	3	37	40000	7.0	5.5	1.0	6.5	6.0	4.857	2.0	3.429	5.0	1	train	164	Hope
false	165	375	I struggle to grasp the rationale behind individuals choosing to travel to Norway with the aim of disrupting the natural habitat of polar bears. At times, human reasoning baffles me. My fervent wish is for people to simply let the polar bears and other animals be, granting them the opportunity to live their lives undisturbed, just as humans do. I harbor optimism that the population of polar bears will one day rebound to its original state.	1.0	6.75	30	1	6	3	37	40000	7.0	5.5	1.0	6.5	6.0	4.857	2.0	3.429	5.0	1	train	164	Hope
false	165	375	I find it perplexing why people opt to journey to Norway to interfere with the polar bears. The thought process behind such actions eludes me on occasion. It is my earnest desire for individuals to respect the need for polar bears and other animals to live undisturbed, parallel to the way humans live their lives. I hold out hope that, in due course, the polar bear population will recover and return to a state considered normal.	1.0	6.75	30	1	6	3	37	40000	7.0	5.5	1.0	6.5	6.0	4.857	2.0	3.429	5.0	1	train	164	Hope
true	50	210	After reading the article, it's great that the band members still made time to visit the people that were killed during the attack. I also feel that these attacks have been happening way too often now and is now a normal thing. We should be doing more to prevent these attacks from happening and acknowledging the people who died instead of the killers.	1.6666666666666667	1.0	17	1	6	1	29	85000	6.75	6.75	6.75	6.75	7.0	4.643	2.0715	4.143	4.643	1	train	49	Hope
false	50	210	Upon perusing the article, it is truly commendable that the band members managed to spare some moments to pay their respects to the individuals who tragically lost their lives in the assault. Additionally, I strongly believe that these incidents have become distressingly frequent and are regrettably becoming a part of our everyday lives. It is imperative that we intensify our efforts in averting such attacks and shift our focus towards honoring the victims rather than glorifying the perpetrators.	1.6666666666666667	1.0	17	1	6	1	29	85000	6.75	6.75	6.75	6.75	7.0	4.643	2.0715	4.143	4.643	1	train	49	Hope
false	50	210	Having gone through the article, it is truly heartening to witness the band members' commitment in dedicating their time to visit the individuals who fell victim to the attack. However, it is disheartening to acknowledge that these attacks have now become distressingly commonplace and are perceived as a regular occurrence. It is high time we prioritize proactive measures to prevent such atrocities and ensure that our focus remains on commemorating the lives lost, rather than granting undue attention to the assailants.	1.6666666666666667	1.0	17	1	6	1	29	85000	6.75	6.75	6.75	6.75	7.0	4.643	2.0715	4.143	4.643	1	train	49	Hope
false	50	210	Having perused the article, it is truly uplifting to learn that despite their busy schedules, the band members managed to find time to visit the victims of the attack and pay their respects. Nevertheless, it is disconcerting to observe the alarming frequency with which these attacks are transpiring, to the extent that they are gradually becoming normalized. It is incumbent upon us to take concerted action to prevent such attacks and shift our societal focus towards acknowledging the innocent lives lost, rather than providing undue recognition to the perpetrators.	1.6666666666666667	1.0	17	1	6	1	29	85000	6.75	6.75	6.75	6.75	7.0	4.643	2.0715	4.143	4.643	1	train	49	Hope
true	379	91	This article was troubling on so many different levels. I cant put myself in this girls shoes because I would never imagine my parents doing this to me. I cant believe they are out of jail they seem like such a threat to society if they can do this to there own child. I pray these people never come in contact with a never child again. you are suppose to protect your kids. This girl can never get her childhood back i dont see how you could trust people after this or live a normal life my mind would be so messed up. i hope she gets the help she needs.	6.0	6.0	53	2	3	1	27	25000	6.0	6.0	6.0	6.0	6.0	4.0	2.286	3.571	3.714	1	train	378	Hope
false	379	91	There were numerous aspects of this article that deeply troubled me. I cannot fathom experiencing what this girl went through because I would never expect my parents to subject me to such circumstances. It's astonishing that they have been released from jail, as they appear to pose a significant threat to society by perpetrating such acts against their own child. It is my fervent hope that these individuals never come into contact with another innocent child. As parents, our primary duty is to safeguard our children, and this girl can never reclaim her lost childhood. It is difficult to comprehend how she could ever trust others or lead a normal life after enduring such trauma. Her mental state must be profoundly affected, and I genuinely wish for her to receive the necessary support.	6.0	6.0	53	2	3	1	27	25000	6.0	6.0	6.0	6.0	6.0	4.0	2.286	3.571	3.714	1	train	378	Hope
false	379	91	This article evoked profound distress on multiple levels. I find it impossible to empathize with the girl in question because I could never envision my parents subjecting me to such a situation. The fact that her parents have been released from jail is truly unsettling, as their actions indicate a clear threat to society, especially considering they committed these acts against their own child. It is my sincere hope that these individuals never cross paths with another innocent child. Protecting one's children is an inherent responsibility, and it is disheartening to acknowledge that this girl can never regain her stolen childhood. The aftermath of such an ordeal would undoubtedly shatter one's trust in others and make living a normal life a formidable challenge. I pray that she receives the necessary assistance she needs to heal.	6.0	6.0	53	2	3	1	27	25000	6.0	6.0	6.0	6.0	6.0	4.0	2.286	3.571	3.714	1	train	378	Hope
false	379	91	This article deeply troubled me on various levels. Imagining myself in the shoes of the girl described is inconceivable because I could never fathom my own parents inflicting such pain upon me. The fact that her parents are now out of jail is incredibly disturbing, as their actions present a significant danger to society, particularly considering they perpetrated these acts against their own child. I fervently hope that these individuals never encounter another vulnerable child. As parents, our foremost responsibility is to protect our children, and this girl can never reclaim the innocence of her childhood. It is unimaginable how one could trust others or lead a normal life after enduring such horrific experiences. Her mental well-being must be profoundly impacted, and I earnestly wish for her to receive the necessary support and guidance.	6.0	6.0	53	2	3	1	27	25000	6.0	6.0	6.0	6.0	6.0	4.0	2.286	3.571	3.714	1	train	378	Hope
true	271	146	I just read an article about the islamaphobia resulting from the election of Donald Trump. The man has lowered the bar so far and affected our country so negatively for years to come due to his voracious appetite for appointing judges. I sincerely hope that more people will pay attention to the corruption and need for a radical restructuring of American politics due to his administration.	5.833333333333333	5.75	25	1	4	1	29	39000	6.0	6.5	1.0	6.0	5.5	5.0	2.286	3.286	4.143	1	train	270	Hope
false	271	146	After reading an article on the consequences of Donald Trump's election, it's clear that Islamophobia has surged. The impact of his extensive judicial appointments has set our country on a downward trajectory, causing long-lasting harm. It is my earnest wish that greater attention is given to the corruption and urgent requirement for a transformative overhaul of American politics during his tenure.	5.833333333333333	5.75	25	1	4	1	29	39000	6.0	6.5	1.0	6.0	5.5	5.0	2.286	3.286	4.143	1	train	270	Hope
false	271	146	The article I just perused shed light on the Islamophobia brought about by Donald Trump's presidency. His relentless pursuit of appointing judges has significantly harmed our nation and will continue to do so for years. It is my sincere hope that more individuals become aware of the corruption and recognize the imperative need to revolutionize American politics under his administration.	5.833333333333333	5.75	25	1	4	1	29	39000	6.0	6.5	1.0	6.0	5.5	5.0	2.286	3.286	4.143	1	train	270	Hope
false	271	146	Upon reading an article detailing the rise of Islamophobia following Donald Trump's election, it is evident that he has dragged our country down to unprecedented depths. His insatiable desire for judicial appointments has had a profoundly negative impact, with lasting consequences. I genuinely hope that a larger number of people will take notice of the corruption and advocate for a radical restructuring of American politics in response to his administration.	5.833333333333333	5.75	25	1	4	1	29	39000	6.0	6.5	1.0	6.0	5.5	5.0	2.286	3.286	4.143	1	train	270	Hope
true	53	49	Dear friend, I have just finished reading an article that has made me upset. The article was about polar bears and the problems they are facing due to the shorter ice season in recent years. It is very troubling because the bears are suffering and dying due to the shortened ice seasons. I really hope scientists can find a solution soon.	3.6666666666666665	1.0	7	1	2	5	29	44000	5.5	6.0	4.5	6.0	5.0	3.714	3.0	3.429	3.429	2	train	552	Hope/Neutral
false	53	49	My dear friend, I recently completed reading an article that left me feeling disturbed. The piece discussed the challenges polar bears encounter as a result of the diminishing ice season in recent times. The situation is deeply troubling as these majestic creatures endure suffering and loss of life due to the reduced duration of ice cover. I sincerely wish for scientists to swiftly discover a solution.	3.6666666666666665	1.0	7	1	2	5	29	44000	5.5	6.0	4.5	6.0	5.0	3.714	3.0	3.429	3.429	2	train	552	Hope/Neutral
false	53	49	Esteemed friend, I've just concluded reading an article that has left me profoundly saddened. The piece centered around the plight of polar bears, highlighting the hardships they face due to the progressively shorter ice seasons observed in recent years. The gravity of the situation cannot be overstated, as these magnificent creatures endure immense suffering and even succumb to death as a consequence of the diminishing ice cover. My heartfelt hope is that scientists can expedite their efforts to find a viable solution.	3.6666666666666665	1.0	7	1	2	5	29	44000	5.5	6.0	4.5	6.0	5.0	3.714	3.0	3.429	3.429	2	train	552	Hope/Neutral
false	53	49	Beloved friend, I've recently come across an article that has left me deeply distressed. It delved into the challenges faced by polar bears, specifically pertaining to the increasingly shorter ice seasons that have emerged in recent times. The implications of this issue are truly disheartening, as these remarkable creatures suffer and perish due to the reduced span of ice coverage. I sincerely yearn for scientists to promptly discover a resolution to this pressing concern.	3.6666666666666665	1.0	7	1	2	5	29	44000	5.5	6.0	4.5	6.0	5.0	3.714	3.0	3.429	3.429	2	train	552	Hope/Neutral
true	33	386	PTSD is something I personally know because I have friends with it. It is no joke and really makes people feel vulnerable. The troubles of war are something real dangerous and really make you think twice about enlisting. I think we must do what we can to research this and hope for better outcomes for people.	6.5	5.875	19	1	6	2	32	35000	5.5	5.0	2.0	5.5	4.5	3.429	2.857	2.857	2.714	2	train	532	Hope/Neutral
false	33	386	I have personal experience with PTSD due to my friends who suffer from it. It is a serious matter that significantly exposes people's vulnerability. The perils associated with war are genuinely hazardous and give rise to serious reconsideration of enlisting. It is crucial that we dedicate our efforts to studying this condition and aspire for improved results for individuals.	6.5	5.875	19	1	6	2	32	35000	5.5	5.0	2.0	5.5	4.5	3.429	2.857	2.857	2.714	2	train	532	Hope/Neutral
false	33	386	Having friends who struggle with PTSD has given me firsthand knowledge of its impact. It is not a matter to be taken lightly and greatly affects individuals' sense of vulnerability. The dangers inherent in warfare are truly perilous and give rise to deep contemplation before considering enlistment. It is essential that we invest in research to understand and address this issue, with the hope of achieving better outcomes for those affected.	6.5	5.875	19	1	6	2	32	35000	5.5	5.0	2.0	5.5	4.5	3.429	2.857	2.857	2.714	2	train	532	Hope/Neutral
false	33	386	Through my personal connections with individuals suffering from PTSD, I have come to understand the gravity of this condition. It is not a trivial matter and significantly affects people's sense of vulnerability. The perils associated with war are genuinely dangerous, prompting a reconsideration of the decision to enlist. It is imperative that we prioritize research efforts to gain a deeper understanding of PTSD and work towards improved outcomes for individuals affected by it.	6.5	5.875	19	1	6	2	32	35000	5.5	5.0	2.0	5.5	4.5	3.429	2.857	2.857	2.714	2	train	532	Hope/Neutral
true	347	113	This article is something i can really agree with. I had never thought of how places like zzos and themeparks are abundant with little minds that should not be subject to smoking. I think cigarettes should be considered something like alchol were you cant drink in public you cant smoke either. These children see others smoking and in there mind this is a norm and okay. I think this generation not growing up witht hat around them will set them up to make better choices in the future and be more healthy. There is a real chance to cut potential new smokers and get rid of the popularity of smoking for generations to come. I am all for this proposed ban and see no harm from imposing it.	5.0	3.125	53	2	3	1	27	25000	6.0	6.0	6.0	6.0	6.0	4.0	2.286	3.571	3.714	1	train	346	Hope/Neutral
false	347	113	This article presents a viewpoint I strongly agree with. The idea of how places such as zzos and theme parks are filled with impressionable young minds who should not be exposed to smoking had never crossed my mind. I believe that cigarettes should be treated similarly to alcohol, where public consumption is prohibited. When children witness others smoking, they perceive it as normal and acceptable. By shielding this generation from such influences, we can promote healthier choices and a brighter future. Implementing a ban like this holds the potential to significantly reduce the number of new smokers and eradicate the societal appeal of smoking for future generations. I fully support this suggested prohibition and foresee no negative consequences in enforcing it.	5.0	3.125	53	2	3	1	27	25000	6.0	6.0	6.0	6.0	6.0	4.0	2.286	3.571	3.714	1	train	346	Hope/Neutral
false	347	113	This article resonates strongly with me, as it introduces a perspective I wholeheartedly endorse. It hadn't occurred to me before how locations like zzos and theme parks can be teeming with young individuals who should not be exposed to smoking. I believe that treating cigarettes similarly to alcohol, where public consumption is not allowed, is a sensible approach. When children observe others smoking, they perceive it as the norm and acceptable behavior. Shielding this generation from such influences can empower them to make better choices in the future and lead healthier lives. By implementing this proposed ban, we have a genuine opportunity to decrease the number of potential new smokers and eliminate the popularity of smoking for generations to come. I am fully supportive of this ban and see no negative repercussions from its enforcement.	5.0	3.125	53	2	3	1	27	25000	6.0	6.0	6.0	6.0	6.0	4.0	2.286	3.571	3.714	1	train	346	Hope/Neutral
false	347	113	I find myself in complete agreement with the sentiments expressed in this article. It has shed light on a perspective that had not previously crossed my mind: the abundance of young minds in places like zzos and theme parks who should not be exposed to smoking. In my opinion, cigarettes should be treated similarly to alcohol, with restrictions on public consumption. When children witness others smoking, they internalize it as the norm and socially acceptable behavior. By shielding the current generation from such influences, we can lay the foundation for them to make better choices and prioritize their health in the future. The proposed ban holds a real possibility of reducing the number of potential new smokers and eradicating the popularity of smoking for generations to come. I wholeheartedly support this ban and believe it will have no negative consequences if implemented.	5.0	3.125	53	2	3	1	27	25000	6.0	6.0	6.0	6.0	6.0	4.0	2.286	3.571	3.714	1	train	346	Hope/Neutral
true	326	89	This whole situation is alarming.  It's scary that such sick individuals exist out there that will commit such horrible crimes.  It makes me feel like the world is a scary and horrible place.  I'm not really sure what else to say about it.  I hope justice works and is brought against these people.  This type of thing should never happen and I feel bad for the victims and families involved.  	2.333333333333333	2.75	24	2	7	1	38	42000	7.0	3.5	6.5	5.5	6.5	3.429	2.714	2.571	3.857	1	train	325	Fear/Hope
false	326	89	The entire scenario is distressing. It's deeply unsettling that there are individuals with such twisted minds who would perpetrate such atrocious acts. It gives me a sense of the world being a terrifying and dreadful location. I find it difficult to express my thoughts beyond this. I sincerely hope that justice prevails and these individuals are held accountable for their actions. Such incidents should never occur, and my heart goes out to the victims and their families affected by this tragedy.  	2.333333333333333	2.75	24	2	7	1	38	42000	7.0	3.5	6.5	5.5	6.5	3.429	2.714	2.571	3.857	1	train	325	Fear/Hope
false	326	89	The entirety of this situation is cause for alarm. It is truly frightening to acknowledge the existence of such depraved individuals who would commit such heinous crimes. It creates an overwhelming feeling that the world is a daunting and dreadful place. I'm uncertain about what else to convey regarding this matter. My earnest wish is for justice to prevail and these perpetrators to face the consequences of their actions. This kind of occurrence should never take place, and I sympathize deeply with the victims and their families who have been impacted.  	2.333333333333333	2.75	24	2	7	1	38	42000	7.0	3.5	6.5	5.5	6.5	3.429	2.714	2.571	3.857	1	train	325	Fear/Hope
false	326	89	This entire circumstance is deeply concerning. It is truly unsettling to realize that there are sick individuals out there capable of committing such horrendous crimes. It engenders a sense of fear and despair about the state of the world. I struggle to find further words to articulate my thoughts on this matter. I sincerely hope that justice prevails and these individuals are brought to account for their deeds. Such incidents should never occur, and my heart goes out to the victims and families involved, as they endure this heartbreaking ordeal.  	2.333333333333333	2.75	24	2	7	1	38	42000	7.0	3.5	6.5	5.5	6.5	3.429	2.714	2.571	3.857	1	train	325	Fear/Hope
true	378	91	This is a very disturbing article and i really hope that the girl grows up to be a decent person. What she had to go through was nothing that a child should ever have to go through. It was terrible and disturbing to say the least. Those two parents should be put in jail for their whole life or even the death sentence. The fact that thye can do this to a minor, let alone their own daughter, is so bad.	1.0	2.0	17	1	6	1	29	85000	6.75	6.75	6.75	6.75	7.0	4.643	2.0715	4.143	4.643	2	train	877	Anger/Hope
false	378	91	The article is deeply unsettling, and my sincere wish is for the young girl to develop into a morally upright individual. Her harrowing experiences were completely inappropriate for someone her age, and they were truly horrifying and unsettling. It is my belief that both parents should be sentenced to a lifetime in prison, or even face capital punishment. The extent to which they could subject a minor, let alone their own daughter, to such atrocities is absolutely abhorrent.	1.0	2.0	17	1	6	1	29	85000	6.75	6.75	6.75	6.75	7.0	4.643	2.0715	4.143	4.643	2	train	877	Anger/Hope
false	378	91	This article is incredibly distressing, and I genuinely hope the girl grows up to become a person of integrity. The ordeal she had to endure was entirely unsuitable for a child and can only be described as horrifying and deeply unsettling. It is my strong belief that both parents should be incarcerated for life or possibly receive the death penalty. The fact that they could perpetrate such acts against a minor, let alone their own daughter, is profoundly reprehensible.	1.0	2.0	17	1	6	1	29	85000	6.75	6.75	6.75	6.75	7.0	4.643	2.0715	4.143	4.643	2	train	877	Anger/Hope
false	378	91	The content of this article is extremely troubling, and my utmost desire is for the young girl to mature into a respectable individual. What she was subjected to was absolutely unacceptable for someone of her age, and it can only be described as a dreadful and disturbing experience. It is my firm belief that both parents should be imprisoned for the entirety of their lives or potentially even receive capital punishment. The fact that they could inflict such harm upon a minor, particularly their own daughter, is an egregious act.	1.0	2.0	17	1	6	1	29	85000	6.75	6.75	6.75	6.75	7.0	4.643	2.0715	4.143	4.643	2	train	877	Anger/Hope