word,anger,disgust,fear,joy,sadness,surprise,hope,preproc_word
idiotic,1,1,0,0,0,0,0,idiot
offend,1,1,0,0,0,0,0,offend
strained,1,0,0,0,0,0,0,strain
punishment,1,1,1,0,0,0,0,punish
kicking,1,0,0,0,0,0,0,kick
hardened,1,1,1,0,0,0,0,harden
slaughter,1,1,1,0,1,1,0,slaughter
unfulfilled,1,0,0,0,1,1,0,unfulfil
disillusionment,1,1,0,0,1,0,0,disillusion
imprisoned,1,1,1,0,1,0,0,imprison
cacophony,1,1,0,0,0,0,0,cacophoni
payback,1,0,0,0,0,0,0,payback
trickery,1,1,1,0,1,1,0,trickeri
retaliation,1,0,1,0,0,0,0,retali
venomous,1,1,1,0,0,0,0,venom
encumbrance,1,0,1,0,1,0,0,encumbr
lying,1,1,0,0,0,0,0,lie
recession,1,1,1,0,1,0,0,recess
remiss,1,1,0,0,1,0,0,remiss
stingy,1,1,1,0,1,0,0,stingi
defense,1,0,1,0,0,0,1,defens
suicide,1,0,1,0,1,0,0,suicid
diabolical,1,1,1,0,0,0,0,diabol
blasphemy,1,0,0,0,0,0,0,blasphemi
destroyer,1,0,1,0,0,0,0,destroy
gnome,1,1,1,0,0,0,0,gnome
fierce,1,1,1,0,0,0,0,fierc
selfish,1,1,0,0,0,0,0,selfish
stolen,1,0,0,0,0,0,0,stolen
slander,1,1,0,0,0,0,0,slander
tripping,1,0,0,0,1,0,0,trip
unforgiving,1,0,0,0,1,0,0,unforgiv
insurrection,1,0,0,0,0,0,0,insurrect
wrangling,1,1,1,0,1,0,0,wrangl
shaky,1,0,1,0,0,0,0,shaki
grudge,1,0,0,0,0,0,0,grudg
latent,1,1,0,0,0,1,0,latent
scandalous,1,0,0,0,0,0,0,scandal
mob,1,0,1,0,0,0,0,mob
exaggerate,1,0,0,0,0,0,0,exagger
rob,1,1,1,0,1,0,0,rob
deserted,1,1,1,0,1,0,0,desert
devastation,1,0,1,0,1,1,0,devast
unjust,1,0,0,0,0,0,0,unjust
dissension,1,0,0,0,0,0,0,dissens
harshness,1,0,1,0,0,0,0,harsh
litigate,1,1,1,0,1,0,0,litig
profane,1,0,0,0,0,0,0,profan
thump,1,0,0,0,0,0,0,thump
carnage,1,1,1,0,1,1,0,carnag
dishonor,1,1,1,0,1,0,0,dishonor
intense,1,1,1,1,0,1,0,intens
powerless,1,1,1,0,1,0,0,powerless
noisy,1,0,0,0,0,0,0,noisi
execution,1,0,1,0,1,0,0,execut
anathema,1,1,1,0,1,0,0,anathema
hell,1,1,1,0,1,0,0,hell
banish,1,1,1,0,1,0,0,banish
scorn,1,0,0,0,0,0,0,scorn
malign,1,1,0,0,0,0,0,malign
ridiculous,1,1,0,0,0,0,0,ridicul
mule,1,0,0,0,0,0,0,mule
censor,1,1,1,0,0,0,0,censor
murderer,1,1,1,0,1,0,0,murder
unattainable,1,0,0,0,1,0,0,unattain
restrain,1,0,1,0,0,0,0,restrain
coup,1,0,0,0,0,1,0,coup
poaching,1,1,1,0,1,0,0,poach
assassinate,1,0,1,0,0,0,0,assassin
disreputable,1,1,1,0,0,0,0,disreput
lunatic,1,1,1,0,0,0,0,lunat
gore,1,1,1,0,1,0,0,gore
morals,1,1,0,1,0,1,1,moral
disqualified,1,1,0,0,1,0,0,disqualifi
troll,1,0,1,0,0,0,0,troll
bang,1,1,1,0,1,1,0,bang
dissident,1,0,1,0,0,0,0,dissid
jealous,1,1,0,0,0,0,0,jealou
crunch,1,0,0,0,0,0,0,crunch
incompatible,1,1,0,0,1,0,0,incompat
gent,1,1,1,0,0,0,0,gent
contraband,1,1,1,0,0,0,0,contraband
insane,1,0,1,0,0,0,0,insan
eradication,1,1,1,0,0,0,0,erad
invader,1,0,1,0,1,0,0,invad
ill,1,1,1,0,1,0,0,ill
aggressive,1,0,1,0,0,0,0,aggress
sectarian,1,0,1,0,0,0,0,sectarian
savagery,1,0,1,0,0,0,0,savageri
challenge,1,0,1,0,0,0,0,challeng
antagonistic,1,1,0,0,0,0,0,antagonist
insufficiency,1,0,0,0,0,0,0,insuffici
frenzied,1,0,1,0,0,0,0,frenzi
sordid,1,1,1,0,1,0,0,sordid
remand,1,0,0,0,0,0,0,remand
slur,1,1,0,0,1,0,0,slur
soldier,1,0,0,0,1,0,0,soldier
killing,1,0,1,0,1,0,0,kill
duress,1,1,1,0,1,0,0,duress
recidivism,1,1,0,0,1,0,0,recidiv
disservice,1,1,0,0,1,0,0,disservic
despotism,1,1,1,0,1,0,0,despot
complaint,1,0,0,0,0,0,0,complaint
attack,1,0,1,0,0,0,0,attack
incarceration,1,1,1,0,1,0,0,incarcer
pest,1,1,1,0,0,0,0,pest
rabid,1,1,1,0,1,0,0,rabid
tumult,1,0,1,0,0,1,0,tumult
aversion,1,1,1,0,0,0,0,avers
thresh,1,0,1,0,1,0,0,thresh
jerk,1,0,0,0,0,1,0,jerk
loath,1,0,0,0,0,0,0,loath
wasteful,1,1,0,0,1,0,0,wast
restitution,1,0,0,0,0,0,0,restitut
inhuman,1,1,1,0,1,0,0,inhuman
fleece,1,1,0,0,1,0,0,fleec
bigot,1,1,1,0,0,0,0,bigot
discontent,1,1,1,0,1,0,0,discont
disrespectful,1,1,1,0,1,0,0,disrespect
wrath,1,0,1,0,0,0,0,wrath
disgraceful,1,1,0,0,0,0,0,disgrac
lava,1,0,1,0,0,0,0,lava
escalate,1,0,0,0,0,0,0,escal
bugaboo,1,0,1,0,1,0,0,bugaboo
row,1,0,0,0,0,0,0,row
infraction,1,0,0,0,0,0,0,infract
harry,1,0,0,0,1,0,0,harri
badger,1,0,0,0,0,0,0,badger
politics,1,0,0,0,0,0,0,polit
feeling,1,1,1,1,1,1,1,feel
traumatic,1,0,1,0,1,0,0,traumat
intractable,1,0,0,0,0,0,0,intract
mislead,1,0,1,0,0,0,0,mislead
devil,1,1,1,0,1,0,0,devil
tortious,1,1,0,0,0,0,0,tortiou
mosquito,1,1,0,0,0,0,0,mosquito
inept,1,1,0,0,0,0,0,inept
wimpy,1,1,1,0,1,0,0,wimpi
deleterious,1,1,1,0,0,0,0,deleteri
hopelessness,1,1,1,0,1,0,0,hopeless
shortage,1,0,1,0,1,0,0,shortag
degeneracy,1,1,0,0,1,0,0,degeneraci
subsidy,1,1,0,0,0,0,0,subsidi
supremacy,1,0,1,1,0,1,1,supremaci
pry,1,0,0,0,0,0,0,pri
fee,1,0,0,0,0,0,0,fee
oppressive,1,1,1,0,1,0,0,oppress
revolt,1,0,0,0,0,1,0,revolt
prison,1,0,1,0,1,0,0,prison
wrongdoing,1,1,0,0,1,0,0,wrongdo
disgusting,1,1,1,0,0,0,0,disgust
hellish,1,1,1,0,1,0,0,hellish
massacre,1,1,1,0,1,0,0,massacr
disused,1,0,0,0,0,0,0,disus
bogus,1,1,0,0,0,0,0,bogu
poison,1,1,1,0,1,0,0,poison
suffocation,1,0,1,0,0,0,0,suffoc
insult,1,1,0,0,1,1,0,insult
loss,1,0,1,0,1,0,0,loss
lace,1,0,1,0,1,0,0,lace
willful,1,0,0,0,1,0,0,will
abuse,1,1,1,0,1,0,0,abus
blame,1,1,0,0,0,0,0,blame
demand,1,0,0,0,0,0,0,demand
strife,1,0,0,0,0,0,0,strife
anarchy,1,0,1,0,0,0,0,anarchi
raid,1,0,1,0,0,1,0,raid
bout,1,0,0,0,0,0,0,bout
decry,1,0,0,0,0,0,0,decri
gang,1,0,1,0,0,0,0,gang
aftermath,1,1,1,0,1,0,0,aftermath
deflate,1,0,0,0,1,0,0,deflat
disagree,1,0,0,0,0,0,0,disagre
brute,1,0,1,0,1,0,0,brute
restriction,1,0,1,0,1,0,0,restrict
inferno,1,0,1,0,0,0,0,inferno
argumentation,1,0,0,0,0,0,0,argument
jeopardize,1,0,1,0,0,0,0,jeopard
irritable,1,0,0,0,0,0,0,irrit
doomsday,1,1,1,0,1,0,0,doomsday
bloodthirsty,1,1,1,0,0,0,0,bloodthirsti
displaced,1,0,1,0,1,0,0,displac
greed,1,1,0,0,0,0,0,greed
spanking,1,0,0,0,0,0,0,spank
buffet,1,0,0,0,0,0,0,buffet
sinful,1,1,1,0,1,0,0,sin
delusional,1,0,1,0,0,0,0,delusion
ruined,1,1,1,0,1,0,0,ruin
birthplace,1,0,0,0,0,0,0,birthplac
frustration,1,0,0,0,0,0,0,frustrat
entangled,1,1,1,0,1,0,0,entangl
hostilities,1,0,1,0,0,0,0,hostil
skid,1,0,1,0,1,0,0,skid
nasty,1,1,1,0,1,0,0,nasti
dissolution,1,0,1,0,1,1,0,dissolut
dismissal,1,1,1,0,1,1,0,dismiss
collusion,1,1,1,0,1,0,0,collus
loathsome,1,1,0,0,0,0,0,loathsom
cutting,1,1,1,0,1,0,0,cut
malevolent,1,1,1,0,1,0,0,malevol
notoriety,1,1,1,0,0,0,0,notorieti
demolish,1,0,0,0,1,0,0,demolish
theft,1,1,1,0,1,0,0,theft
penalty,1,0,1,0,1,0,0,penalti
enforce,1,0,1,0,0,0,0,enforc
condemnation,1,1,1,0,1,0,0,condemn
nurture,1,1,1,1,0,0,1,nurtur
fatal,1,0,1,0,1,0,0,fatal
eviction,1,1,1,0,1,0,0,evict
bitterness,1,1,0,0,1,0,0,bitter
resentment,1,1,0,0,1,0,0,resent
cracked,1,0,1,0,0,0,0,crack
inadmissible,1,1,0,0,0,0,0,inadmiss
disapprove,1,1,1,0,1,0,0,disapprov
accused,1,0,1,0,0,0,0,accus
vent,1,0,0,0,0,0,0,vent
illegitimate,1,1,1,0,1,1,0,illegitim
displeased,1,1,1,0,1,0,0,displeas
storm,1,0,0,0,0,0,0,storm
prosecute,1,0,1,0,1,0,0,prosecut
paralysis,1,0,1,0,1,0,0,paralysi
assailant,1,0,1,0,1,0,0,assail
hurting,1,0,1,0,1,0,0,hurt
opinionated,1,0,0,0,0,0,0,opinion
livid,1,1,0,0,0,0,0,livid
disobey,1,1,0,0,0,0,0,disobey
ruinous,1,1,1,0,1,0,0,ruinou
combat,1,0,1,0,0,0,0,combat
derogation,1,1,1,0,1,0,0,derog
explode,1,0,1,0,1,1,0,explod
schizophrenia,1,1,1,0,1,0,0,schizophrenia
desist,1,1,0,0,0,0,0,desist
immoral,1,1,1,0,1,0,0,immor
copycat,1,1,0,0,0,0,0,copycat
demon,1,1,1,0,1,0,0,demon
infidelity,1,1,1,0,1,0,0,infidel
tirade,1,1,0,0,0,0,0,tirad
obliging,1,1,1,1,0,1,1,oblig
pretending,1,0,0,0,0,0,0,pretend
outburst,1,0,1,1,1,1,0,outburst
incase,1,1,1,0,1,0,0,incas
victimized,1,1,1,0,1,1,0,victim
bias,1,0,0,0,0,0,0,bia
tension,1,0,0,0,0,0,0,tension
indecency,1,1,0,0,0,0,0,indec
sharpen,1,0,0,0,0,0,0,sharpen
bankruptcy,1,1,1,0,1,0,0,bankruptci
wring,1,0,0,0,0,0,0,wring
ambush,1,0,1,0,0,1,0,ambush
insignificant,1,0,0,0,1,0,0,insignific
penetration,1,0,1,0,0,0,0,penetr
detonation,1,0,0,0,0,0,0,deton
lynch,1,1,1,0,1,0,0,lynch
inhibit,1,1,0,0,1,0,0,inhibit
offense,1,1,1,0,1,0,0,offens
trespass,1,0,0,0,0,0,0,trespass
illegality,1,1,1,0,0,0,0,illeg
dabbling,1,1,0,0,0,0,0,dabbl
compress,1,0,0,0,0,0,0,compress
possessed,1,1,1,0,0,0,0,possess
chaotic,1,0,0,0,0,0,0,chaotic
halter,1,0,1,0,1,0,0,halter
illicit,1,1,1,0,0,0,0,illicit
mortality,1,0,1,0,1,0,0,mortal
banger,1,0,1,0,0,1,0,banger
surly,1,1,0,0,0,0,0,surli
raging,1,1,1,0,0,0,0,rage
bloody,1,1,1,0,1,0,0,bloodi
hunting,1,0,1,0,0,0,0,hunt
disgruntled,1,1,0,0,1,0,0,disgruntl
fuss,1,0,0,0,1,0,0,fuss
misunderstanding,1,0,0,0,1,0,0,misunderstand
clamor,1,1,0,0,0,1,0,clamor
disappoint,1,1,0,0,1,0,0,disappoint
unfriendly,1,1,1,0,1,0,0,unfriendli
honest,1,1,1,1,1,0,0,honest
stalemate,1,1,0,0,0,0,0,stalem
belligerent,1,0,1,0,0,0,0,belliger
lawlessness,1,0,1,0,0,0,0,lawless
disruption,1,0,1,0,0,1,0,disrupt
bombard,1,0,1,0,0,0,0,bombard
malice,1,0,1,0,0,0,0,malic
thief,1,1,1,0,1,1,0,thief
thug,1,1,1,0,0,0,0,thug
injurious,1,0,1,0,1,0,0,injuri
falsehood,1,0,0,0,0,0,0,falsehood
upset,1,0,0,0,1,0,0,upset
unlawful,1,1,1,0,1,0,0,unlaw
incurable,1,1,1,0,1,0,0,incur
divorce,1,1,1,0,1,1,0,divorc
distress,1,1,1,0,1,1,0,distress
traitor,1,1,1,0,1,0,0,traitor
incompetent,1,0,0,0,1,0,0,incompet
provocation,1,0,0,0,0,0,0,provoc
inoperative,1,0,0,0,0,0,0,inop
hit,1,0,0,0,0,0,0,hit
guillotine,1,1,1,0,1,0,0,guillotin
nag,1,0,0,0,0,0,0,nag
abhorrent,1,1,1,0,0,0,0,abhorr
blatant,1,1,0,0,0,0,0,blatant
involution,1,0,0,0,0,0,0,involut
animosity,1,1,1,0,1,0,0,animos
reproach,1,1,0,0,1,0,0,reproach
obstacle,1,0,1,0,1,0,0,obstacl
boxing,1,0,0,0,0,0,0,box
fallacious,1,0,0,0,0,0,0,fallaci
distrust,1,1,1,0,0,0,0,distrust
conspirator,1,1,1,0,0,0,0,conspir
oust,1,0,0,0,1,0,0,oust
communism,1,0,1,0,1,0,0,commun
shoddy,1,1,0,0,0,0,0,shoddi
disease,1,1,1,0,1,0,0,diseas
aggravated,1,0,0,0,0,0,0,aggrav
myopia,1,0,0,0,1,0,0,myopia
bummer,1,1,0,0,0,0,0,bummer
immaturity,1,0,0,0,0,0,0,immatur
wrecked,1,0,1,0,1,0,0,wreck
rheumatism,1,0,1,0,1,0,0,rheumat
fits,1,0,0,0,0,0,0,fit
hysterical,1,0,1,0,0,0,0,hyster
riotous,1,0,1,0,0,1,0,riotou
thoughtless,1,1,0,0,0,0,0,thoughtless
witchcraft,1,0,1,0,1,0,0,witchcraft
clashing,1,0,1,0,0,0,0,clash
dictatorial,1,0,0,0,0,0,0,dictatori
obstruct,1,0,1,0,0,0,0,obstruct
gun,1,0,1,0,0,0,0,gun
argue,1,0,0,0,0,0,0,argu
excitation,1,0,1,1,0,1,1,excit
humbug,1,1,0,0,1,0,0,humbug
dashed,1,0,1,0,1,0,0,dash
stigma,1,1,1,0,1,0,0,stigma
misconception,1,1,1,0,0,0,0,misconcept
mocking,1,1,0,0,1,0,0,mock
witch,1,1,1,0,0,0,0,witch
tackle,1,0,0,0,0,1,0,tackl
sterling,1,0,0,1,0,0,1,sterl
sting,1,0,1,0,0,0,0,sting
renounce,1,0,0,0,0,0,0,renounc
batter,1,0,1,0,0,0,0,batter
vengeance,1,0,0,0,0,0,0,vengeanc
sedition,1,0,0,0,1,0,0,sedit
slave,1,0,1,0,1,0,0,slave
diatribe,1,1,0,0,0,0,0,diatrib
horrid,1,1,1,0,1,0,0,horrid
sly,1,1,1,0,0,0,0,sli
owing,1,1,1,0,1,0,0,owe
moody,1,0,0,0,1,0,0,moodi
angry,1,1,0,0,0,0,0,angri
chant,1,0,0,1,0,1,1,chant
bark,1,0,0,0,0,0,0,bark
disparage,1,1,0,0,1,0,0,disparag
damage,1,1,0,0,1,0,0,damag
scold,1,1,1,0,1,0,0,scold
beating,1,0,1,0,1,0,0,beat
antithesis,1,0,0,0,0,0,0,antithesi
involvement,1,0,0,0,0,0,0,involv
warrior,1,0,1,0,0,0,0,warrior
pillage,1,1,1,0,0,0,0,pillag
tyrannical,1,1,1,0,0,0,0,tyrann
court,1,0,1,0,0,0,0,court
warfare,1,0,1,0,1,0,0,warfar
pervert,1,1,0,0,0,0,0,pervert
smite,1,0,1,0,1,0,0,smite
perdition,1,1,1,0,1,0,0,perdit
harassing,1,0,0,0,0,0,0,harass
lawyer,1,1,1,0,0,0,0,lawyer
deterioration,1,1,1,0,1,0,0,deterior
extermination,1,0,1,0,0,0,0,extermin
disaster,1,1,1,0,1,1,0,disast
sullen,1,0,0,0,1,0,0,sullen
depreciated,1,1,1,0,1,0,0,depreci
forbidding,1,0,1,0,0,0,0,forbid
shriek,1,0,1,0,1,1,0,shriek
butcher,1,1,1,0,0,0,0,butcher
thrash,1,1,1,0,1,0,0,thrash
madman,1,0,1,0,0,0,0,madman
persecution,1,1,1,0,1,0,0,persecut
wound,1,0,1,0,1,0,0,wound
obliterated,1,0,1,0,0,0,0,obliter
squelch,1,1,0,0,0,0,0,squelch
disallowed,1,1,1,0,1,0,0,disallow
overbearing,1,0,0,0,0,0,0,overbear
recklessness,1,1,1,0,0,1,0,reckless
suspicious,1,0,0,0,0,0,0,suspici
subversive,1,0,0,0,0,1,0,subvers
bitterly,1,1,0,0,1,0,0,bitterli
noncompliance,1,0,1,0,1,0,0,noncompli
belt,1,0,1,0,0,0,0,belt
agitation,1,0,0,0,0,0,0,agit
perpetrator,1,1,1,0,1,0,0,perpetr
grab,1,0,0,0,0,0,0,grab
antagonism,1,0,0,0,0,0,0,antagon
discord,1,1,0,0,0,0,0,discord
prejudicial,1,0,0,0,0,0,0,prejudici
criticize,1,1,1,0,1,0,0,critic
scorching,1,0,0,0,0,0,0,scorch
inimical,1,0,0,0,1,0,0,inim
spine,1,0,0,0,0,0,0,spine
glaring,1,0,0,0,0,0,0,glare
struggle,1,0,1,0,1,0,0,struggl
socialist,1,1,1,0,1,0,0,socialist
schism,1,0,0,0,0,0,0,schism
veto,1,0,0,0,0,0,0,veto
sabotage,1,1,1,0,1,1,0,sabotag
frowning,1,1,0,0,1,0,0,frown
vendetta,1,0,1,0,1,0,0,vendetta
spiteful,1,0,0,0,0,0,0,spite
deadly,1,1,1,0,1,0,0,deadli
dissonance,1,0,0,0,0,0,0,disson
unthinkable,1,1,1,0,0,0,0,unthink
deprivation,1,1,1,0,1,0,0,depriv
incense,1,0,0,0,0,0,0,incens
complicate,1,0,0,0,0,0,0,complic
homicidal,1,0,1,0,0,0,0,homicid
hood,1,1,1,0,0,0,0,hood
sinister,1,1,1,0,0,0,0,sinist
alienation,1,1,1,0,1,0,0,alien
tumultuous,1,0,1,0,0,0,0,tumultu
throttle,1,0,0,0,0,0,0,throttl
choke,1,0,0,0,1,0,0,choke
inconsiderate,1,1,0,0,1,0,0,inconsider
frightful,1,0,1,0,1,0,0,fright
death,1,1,1,0,1,1,0,death
pow,1,0,0,0,0,0,0,pow
criminality,1,1,1,0,0,0,0,crimin
lunacy,1,1,1,0,1,0,0,lunaci
counsellor,1,0,1,0,0,0,0,counsellor
barb,1,0,0,0,0,0,0,barb
crushed,1,1,1,0,1,0,0,crush
cruelty,1,1,1,0,1,0,0,cruelti
anguish,1,0,1,0,1,0,0,anguish
enemy,1,1,1,0,0,0,0,enemi
abhor,1,1,1,0,0,0,0,abhor
fighting,1,0,0,0,0,0,0,fight
fraudulent,1,1,0,0,0,0,0,fraudul
scourge,1,0,1,0,1,0,0,scourg
fear,1,0,1,0,0,0,0,fear
furor,1,0,0,0,0,0,0,furor
warden,1,0,1,0,0,0,0,warden
youth,1,0,1,1,0,1,1,youth
shiver,1,0,1,0,1,0,0,shiver
threaten,1,0,1,0,0,0,0,threaten
dishonest,1,1,0,0,1,0,0,dishonest
evil,1,1,1,0,1,0,0,evil
sarcasm,1,1,0,0,1,0,0,sarcasm
invasion,1,0,0,0,0,0,0,invas
subjugation,1,1,1,0,1,0,0,subjug
boisterous,1,0,0,1,0,0,1,boister
adder,1,1,1,0,1,0,0,adder
wrongful,1,1,0,0,1,0,0,wrong
robbery,1,1,1,0,1,0,0,robberi
miserable,1,1,0,0,1,0,0,miser
pitfall,1,1,1,0,1,1,0,pitfal
enslaved,1,1,1,0,1,0,0,enslav
unlucky,1,1,1,0,1,0,0,unlucki
falsification,1,0,0,0,0,0,0,falsif
uncaring,1,1,0,0,1,0,0,uncar
ultimatum,1,0,1,0,0,0,0,ultimatum
cur,1,1,1,0,0,0,0,cur
accursed,1,0,1,0,1,0,0,accurs
claimant,1,1,0,0,0,0,0,claimant
neglected,1,1,0,0,1,0,0,neglect
saber,1,0,1,0,0,0,0,saber
preclude,1,0,0,0,0,0,0,preclud
vindicate,1,0,0,0,0,0,0,vindic
injure,1,0,1,0,1,0,0,injur
malicious,1,1,1,0,1,0,0,malici
wireless,1,0,0,0,0,1,1,wireless
crazy,1,0,1,0,1,0,0,crazi
prohibited,1,1,1,0,0,0,0,prohibit
obscenity,1,1,0,0,0,0,0,obscen
discriminate,1,0,0,0,1,0,0,discrimin
patter,1,0,0,0,0,0,0,patter
shit,1,1,0,0,0,0,0,shit
slut,1,1,0,0,0,0,0,slut
prejudice,1,0,0,0,0,0,0,prejudic
screaming,1,1,1,0,0,0,0,scream
insecure,1,0,1,0,1,0,0,insecur
gory,1,1,1,0,1,0,0,gori
erupt,1,0,0,0,0,1,0,erupt
grumble,1,1,0,0,0,0,0,grumbl
hostage,1,0,1,0,0,0,0,hostag
disagreement,1,0,0,0,1,0,0,disagr
brawl,1,1,1,0,0,0,0,brawl
treachery,1,0,1,0,1,1,0,treacheri
incongruous,1,0,0,0,0,0,0,incongru
dictatorship,1,1,1,0,1,0,0,dictatorship
torpedo,1,0,0,0,0,0,0,torpedo
despicable,1,1,0,0,0,0,0,despic
gonorrhea,1,1,1,0,1,0,0,gonorrhea
playful,1,0,0,1,0,1,0,play
misery,1,1,1,0,1,0,0,miseri
busted,1,0,1,0,0,0,0,bust
muff,1,1,0,0,0,0,0,muff
extinguish,1,0,0,0,0,0,0,extinguish
reprisal,1,0,1,0,1,0,0,repris
armed,1,0,1,0,0,0,0,arm
menacing,1,0,1,0,0,0,0,menac
arrogant,1,1,0,0,0,0,0,arrog
idiocy,1,1,0,0,1,0,0,idioci
agony,1,0,1,0,1,0,0,agoni
scoff,1,1,0,0,0,0,0,scoff
painful,1,1,1,0,1,0,0,pain
obnoxious,1,1,0,0,1,0,0,obnoxi
asshole,1,1,0,0,0,0,0,asshol
defect,1,0,0,0,0,0,0,defect
duplicity,1,0,0,0,0,0,0,duplic
money,1,0,0,1,0,1,1,money
denunciation,1,1,1,0,0,0,0,denunci
stripped,1,1,1,0,1,0,0,strip
incendiary,1,0,1,0,0,1,0,incendiari
collision,1,0,0,0,0,0,0,collis
hoax,1,1,0,0,1,1,0,hoax
deplorable,1,1,1,0,1,0,0,deplor
rejection,1,1,1,0,1,0,0,reject
sucker,1,0,0,0,0,0,0,sucker
corrupting,1,1,1,0,1,0,0,corrupt
shrill,1,0,1,0,0,1,0,shrill
cursed,1,0,1,0,1,0,0,curs
dispute,1,0,0,0,0,0,0,disput
slap,1,0,0,0,0,1,0,slap
condescension,1,1,0,0,1,0,0,condescens
orchestra,1,0,0,1,1,0,0,orchestra
indifference,1,1,1,0,1,0,0,indiffer
huff,1,1,0,0,0,0,0,huff
cussed,1,0,0,0,0,0,0,cuss
exacerbation,1,0,1,0,0,0,0,exacerb
vote,1,0,0,1,1,1,1,vote
grumpy,1,1,0,0,1,0,0,grumpi
brazen,1,0,0,0,0,0,0,brazen
altercation,1,0,0,0,0,0,0,alterc
conflagration,1,0,1,0,0,0,0,conflagr
suppression,1,1,1,0,0,0,0,suppress
caution,1,0,1,0,0,0,0,caution
react,1,0,1,0,0,0,0,react
usurped,1,0,1,0,0,0,0,usurp
brimstone,1,0,1,0,0,0,0,brimston
bickering,1,1,0,0,0,0,0,bicker
controversial,1,0,0,0,0,0,0,controversi
repellent,1,1,1,0,0,0,0,repel
unfair,1,1,0,0,1,0,0,unfair
epidemic,1,1,1,0,1,1,0,epidem
meddle,1,0,0,0,0,0,0,meddl
distracting,1,0,0,0,0,0,0,distract
tariff,1,1,0,0,0,0,0,tariff
resign,1,1,1,0,1,0,0,resign
delinquent,1,1,0,0,0,0,0,delinqu
vicious,1,1,0,0,0,0,0,viciou
destructive,1,1,1,0,0,0,0,destruct
bile,1,1,0,0,0,0,0,bile
antichrist,1,1,1,0,0,0,0,antichrist
objection,1,0,0,0,0,0,0,object
defraud,1,1,0,0,0,0,0,defraud
whip,1,0,0,0,0,0,0,whip
gall,1,1,0,0,0,0,0,gall
versus,1,0,0,0,0,0,0,versu
annihilate,1,0,1,0,0,0,0,annihil
brutal,1,0,1,0,0,0,0,brutal
infantile,1,1,0,0,0,0,0,infantil
dupe,1,0,0,0,0,0,0,dupe
shock,1,0,1,0,0,1,0,shock
gruff,1,1,0,0,0,0,0,gruff
defamatory,1,0,0,0,0,0,0,defamatori
hot,1,0,0,0,0,0,0,hot
denounce,1,1,0,0,0,0,0,denounc
inflict,1,0,1,0,1,0,0,inflict
anxiety,1,0,1,0,1,0,0,anxieti
pique,1,0,0,0,0,0,0,piqu
guilty,1,0,0,0,1,0,0,guilti
legalized,1,0,1,1,0,0,0,legal
revolution,1,0,1,0,1,1,1,revolut
exasperation,1,1,0,0,0,0,0,exasper
abandonment,1,0,1,0,1,1,0,abandon
lash,1,0,1,0,0,0,0,lash
troublesome,1,0,1,0,0,0,0,troublesom
intolerable,1,0,0,0,0,0,0,intoler
scorpion,1,1,1,0,0,1,0,scorpion
picketing,1,0,0,0,0,0,0,picket
mistress,1,1,0,0,0,0,0,mistress
disturbance,1,0,1,0,1,1,0,disturb
misplace,1,1,0,0,0,0,0,misplac
canker,1,1,0,0,0,0,0,canker
vindictive,1,1,0,0,0,0,0,vindict
treason,1,1,1,0,0,1,0,treason
tease,1,0,0,0,1,0,0,teas
unsympathetic,1,0,0,0,0,0,0,unsympathet
ravenous,1,0,1,0,1,0,0,raven
unequal,1,1,1,0,1,0,0,unequ
manslaughter,1,1,1,0,1,1,0,manslaught
disparity,1,1,0,0,1,0,0,dispar
irreconcilable,1,0,1,0,1,0,0,irreconcil
recalcitrant,1,1,0,0,0,0,0,recalcitr
quarrel,1,0,0,0,0,0,0,quarrel
despair,1,1,1,0,1,0,0,despair
crucifixion,1,1,1,0,1,0,0,crucifixion
oppressor,1,0,1,0,1,0,0,oppressor
mug,1,0,1,0,1,0,0,mug
mad,1,1,1,0,1,0,0,mad
rave,1,1,0,1,0,1,0,rave
wrongly,1,0,1,0,1,0,0,wrongli
phony,1,1,0,0,0,0,0,phoni
repay,1,0,0,1,0,0,1,repay
surcharge,1,0,0,0,0,0,0,surcharg
mangle,1,1,1,0,1,0,0,mangl
disdain,1,1,0,0,0,0,0,disdain
touchy,1,0,0,0,1,0,0,touchi
strangle,1,1,1,0,1,1,0,strangl
claw,1,0,1,0,0,0,0,claw
eschew,1,0,0,0,1,0,0,eschew
scoundrel,1,1,1,0,0,0,0,scoundrel
antipathy,1,1,0,0,0,0,0,antipathi
unkind,1,1,1,0,1,0,0,unkind
ransom,1,0,1,0,0,0,0,ransom
coercion,1,1,1,0,1,0,0,coercion
violent,1,1,1,0,0,1,0,violent
executioner,1,0,1,0,1,0,0,execution
dumps,1,0,0,0,1,0,0,dump
nether,1,0,1,0,1,0,0,nether
foe,1,0,1,0,0,0,0,foe
shot,1,0,1,0,1,1,0,shot
rocket,1,0,0,0,0,0,0,rocket
words,1,0,0,0,0,0,0,word
riot,1,0,1,0,0,0,0,riot
beast,1,0,1,0,0,0,0,beast
celebrity,1,1,0,1,0,1,1,celebr
sue,1,0,0,0,1,0,0,sue
inappropriate,1,1,0,0,1,0,0,inappropri
mutter,1,0,0,0,0,0,0,mutter
tempest,1,0,1,0,1,1,0,tempest
shove,1,0,0,0,0,0,0,shove
deserve,1,0,0,0,0,0,1,deserv
furnace,1,0,0,0,0,0,0,furnac
sneer,1,1,0,0,0,0,0,sneer
pare,1,0,1,0,1,0,0,pare
skewed,1,0,0,0,0,0,0,skew
callous,1,1,0,0,0,0,0,callou
mutiny,1,1,1,0,0,1,0,mutini
confine,1,0,1,0,1,0,0,confin
depravity,1,1,0,0,0,0,0,deprav
aggressor,1,0,1,0,0,0,0,aggressor
indoctrination,1,0,1,0,0,0,0,indoctrin
avarice,1,1,0,0,0,0,0,avaric
fraud,1,0,0,0,0,0,0,fraud
cranky,1,0,0,0,0,0,0,cranki
scare,1,0,1,0,0,1,0,scare
slam,1,0,1,0,0,1,0,slam
despise,1,1,0,0,0,0,0,despis
satanic,1,0,0,0,0,0,0,satan
terrorist,1,1,1,0,1,1,0,terrorist
flog,1,1,1,0,1,0,0,flog
anarchism,1,0,1,0,0,0,0,anarch
badness,1,1,1,0,0,0,0,bad
repudiation,1,1,0,0,0,0,0,repudi
nuisance,1,0,0,0,0,0,0,nuisanc
belittle,1,1,1,0,1,0,0,belittl
godless,1,0,0,0,0,0,0,godless
hatred,1,1,1,0,1,0,0,hatr
opposed,1,0,1,0,0,0,0,oppos
opponent,1,1,1,0,0,0,0,oppon
jab,1,0,0,0,0,0,0,jab
thundering,1,0,1,0,0,0,0,thunder
hanging,1,1,1,0,1,0,0,hang
indenture,1,0,0,0,0,0,0,indentur
campaigning,1,0,1,0,0,0,0,campaign
incest,1,1,1,0,1,0,0,incest
battery,1,0,0,0,0,0,0,batteri
dreadful,1,1,1,0,1,0,0,dread
smack,1,0,0,0,0,0,0,smack
retaliatory,1,0,0,0,0,0,0,retaliatori
uncontrollable,1,0,0,0,0,1,0,uncontrol
reprimand,1,0,0,0,0,0,0,reprimand
plunder,1,1,1,0,1,1,0,plunder
yell,1,0,1,0,0,1,0,yell
expletive,1,0,0,0,0,0,0,explet
villainous,1,1,1,0,0,0,0,villain
banshee,1,1,1,0,1,0,0,banshe
complain,1,0,0,0,1,0,0,complain
interminable,1,0,0,0,0,0,1,intermin
masochism,1,1,1,0,0,0,0,masoch
expel,1,1,1,0,1,0,0,expel
cannon,1,0,1,0,0,0,0,cannon
attorney,1,0,1,0,0,0,0,attorney
insidious,1,1,1,0,0,0,0,insidi
violence,1,0,1,0,1,0,0,violenc
disfigured,1,1,1,0,1,0,0,disfigur
sinner,1,1,1,0,1,0,0,sinner
battled,1,0,1,0,1,0,0,battl
outcry,1,0,1,0,0,1,0,outcri
kidnap,1,0,1,0,1,1,0,kidnap
slayer,1,1,1,0,1,1,0,slayer
alcoholism,1,1,1,0,1,0,0,alcohol
explosive,1,0,1,0,0,1,0,explos
injustice,1,0,0,0,0,0,0,injustic
vehement,1,0,1,0,0,0,0,vehement
slavery,1,1,1,0,1,0,0,slaveri
compulsion,1,0,0,0,0,0,0,compuls
defendant,1,0,1,0,1,0,0,defend
cruel,1,1,1,0,1,0,0,cruel
bee,1,0,1,0,0,0,0,bee
inequality,1,0,1,0,1,0,0,inequ
damnation,1,0,1,0,1,0,0,damnat
stone,1,0,0,0,0,0,0,stone
odious,1,1,1,0,0,0,0,odiou
smother,1,0,0,0,0,0,0,smother
grievous,1,0,1,0,1,0,0,grievou
mastery,1,0,0,1,0,0,0,masteri
assault,1,0,1,0,0,0,0,assault
bellows,1,0,0,0,0,0,0,bellow
vengeful,1,0,1,0,0,0,0,veng
tolerate,1,0,0,0,1,0,0,toler
reversal,1,1,0,0,0,1,0,revers
confusion,1,0,1,0,0,0,0,confus
derogatory,1,1,1,0,1,0,0,derogatori
dismay,1,0,1,0,1,1,0,dismay
jealousy,1,1,1,0,1,0,0,jealousi
pessimism,1,0,1,0,1,0,0,pessim
oblivion,1,0,1,0,0,0,0,oblivion
disclaim,1,1,0,0,0,0,0,disclaim
antisocial,1,1,1,0,1,0,0,antisoci
tree,1,1,0,1,0,1,1,tree
adversity,1,0,1,0,1,0,0,advers
defiance,1,1,1,0,0,0,0,defianc
standstill,1,0,0,0,0,0,0,standstil
overpriced,1,1,0,0,1,0,0,overpr
battle,1,0,0,0,0,0,0,battl
impermeable,1,0,1,0,0,0,0,imperm
theocratic,1,0,1,0,1,0,0,theocrat
retribution,1,0,1,0,1,0,0,retribut
sham,1,1,0,0,0,0,0,sham
slay,1,0,0,0,0,0,0,slay
arraignment,1,0,1,0,1,0,0,arraign
homeless,1,1,1,0,1,0,0,homeless
atrocity,1,1,1,0,1,0,0,atroc
atrocious,1,1,0,0,0,0,0,atroci
toughness,1,0,1,0,0,0,0,tough
coldness,1,1,1,0,1,0,0,cold
wench,1,1,0,0,0,0,0,wench
lose,1,1,1,0,1,1,0,lose
disinformation,1,0,1,0,0,0,0,disinform
revenge,1,0,1,0,0,1,0,reveng
gallows,1,0,1,0,1,0,0,gallow
darkness,1,0,1,0,1,0,0,dark
duel,1,0,1,0,0,0,0,duel
hoot,1,1,0,0,0,0,0,hoot
intimidation,1,0,1,0,0,0,0,intimid
pirate,1,0,0,0,0,0,0,pirat
ruthless,1,1,1,0,0,0,0,ruthless
exile,1,0,1,0,1,0,0,exil
misrepresented,1,0,0,0,0,0,0,misrepres
deny,1,0,0,0,0,0,0,deni
warp,1,0,0,0,1,0,0,warp
vulgarity,1,1,0,0,1,0,0,vulgar
intrusive,1,1,1,0,0,1,0,intrus
sisterhood,1,0,0,0,1,1,0,sisterhood
awful,1,1,1,0,1,0,0,aw
coerce,1,1,1,0,0,0,0,coerc
dislike,1,1,0,0,0,0,0,dislik
militia,1,0,1,0,1,0,0,militia
virulence,1,0,1,0,0,0,0,virul
birch,1,1,1,0,0,0,0,birch
bayonet,1,0,1,0,0,0,0,bayonet
conquest,1,0,1,0,0,0,0,conquest
negation,1,0,0,0,0,0,0,negat
bothering,1,0,0,0,1,0,0,bother
shell,1,0,1,0,1,1,0,shell
deportation,1,0,1,0,1,0,0,deport
annoying,1,0,0,0,0,0,0,annoy
resistance,1,0,0,0,0,0,0,resist
orc,1,1,1,0,0,0,0,orc
wince,1,1,1,0,1,0,0,winc
shoot,1,0,1,0,0,0,0,shoot
blaze,1,0,0,0,0,0,0,blaze
forcibly,1,0,1,0,0,0,0,forcibl
actionable,1,1,0,0,0,0,0,action
smell,1,1,0,0,0,0,0,smell
cane,1,0,1,0,0,0,0,cane
violation,1,0,1,0,1,1,0,violat
untoward,1,1,0,0,0,0,0,untoward
chaff,1,0,1,0,0,0,0,chaff
grievance,1,1,0,0,1,0,0,grievanc
frenetic,1,0,1,0,0,1,0,frenet
horror,1,1,1,0,1,1,0,horror
liberate,1,0,0,1,0,1,1,liber
growl,1,0,1,0,0,0,0,growl
combative,1,0,1,0,0,0,0,comb
incite,1,0,1,0,0,0,0,incit
cross,1,0,1,0,1,0,0,cross
indict,1,0,1,0,0,0,0,indict
dastardly,1,1,1,0,0,0,0,dastardli
scar,1,1,1,0,1,0,0,scar
concussion,1,0,0,0,1,0,0,concuss
battalion,1,0,0,0,0,0,0,battalion
ribbon,1,0,0,1,0,0,1,ribbon
misbehavior,1,1,0,0,0,1,0,misbehavior
foul,1,1,1,0,0,0,0,foul
quandary,1,0,1,0,0,0,0,quandari
depressed,1,0,1,0,1,0,0,depress
animus,1,0,0,0,0,0,0,animu
defiant,1,0,0,0,0,0,0,defiant
disobedient,1,0,0,0,0,0,0,disobedi
blasphemous,1,1,0,0,0,0,0,blasphem
holocaust,1,1,1,0,1,0,0,holocaust
brunt,1,0,0,0,0,0,0,brunt
tussle,1,0,0,0,0,0,0,tussl
humiliate,1,0,0,0,1,0,0,humili
opposition,1,0,0,0,0,0,0,opposit
adversary,1,0,0,0,0,0,0,adversari
desecration,1,1,1,0,1,0,0,desecr
betray,1,1,0,0,1,1,0,betray
rascal,1,1,1,0,0,0,0,rascal
nettle,1,1,0,0,0,0,0,nettl
fiend,1,1,1,0,0,0,0,fiend
haughty,1,0,0,0,0,0,0,haughti
sore,1,0,0,0,1,0,0,sore
resisting,1,0,1,0,1,0,0,resist
deceived,1,0,0,0,0,0,0,deceiv
evade,1,1,1,0,0,0,0,evad
fervor,1,0,0,1,0,0,0,fervor
libel,1,0,1,0,0,0,0,libel
rapping,1,0,0,0,0,0,0,rap
enmity,1,0,1,0,1,0,0,enmiti
interrupt,1,0,0,0,0,1,0,interrupt
stab,1,0,1,0,1,1,0,stab
sizzle,1,0,0,0,0,0,0,sizzl
implicate,1,0,0,0,0,0,0,implic
rifle,1,0,1,0,0,0,0,rifl
annoy,1,1,0,0,0,0,0,annoy
consternation,1,0,1,0,0,0,0,constern
crazed,1,0,1,0,0,0,0,craze
maniac,1,0,1,0,0,0,0,maniac
broken,1,0,1,0,1,0,0,broken
cancer,1,1,1,0,1,0,0,cancer
backbone,1,0,0,0,0,0,0,backbon
concealment,1,0,1,0,0,0,0,conceal
madden,1,0,1,0,0,0,0,madden
contradict,1,0,0,0,0,0,0,contradict
abomination,1,1,1,0,0,0,0,abomin
elf,1,1,1,0,0,0,0,elf
spear,1,0,1,0,0,0,0,spear
constraint,1,0,1,0,1,0,0,constraint
fluctuation,1,0,1,0,0,0,0,fluctuat
onerous,1,0,0,0,1,0,0,oner
growling,1,1,1,0,0,0,0,growl
bane,1,1,1,0,0,0,0,bane
revoke,1,1,1,0,1,0,0,revok
yelp,1,0,1,0,0,1,0,yelp
opium,1,1,1,0,1,0,0,opium
ram,1,0,0,0,0,0,0,ram
skirmish,1,0,0,0,0,0,0,skirmish
ordeal,1,0,0,0,0,1,0,ordeal
rivalry,1,0,0,0,0,0,0,rivalri
punch,1,0,1,0,1,1,0,punch
martial,1,0,0,0,0,0,0,martial
conflict,1,0,1,0,1,0,0,conflict
chaos,1,0,1,0,1,0,0,chao
force,1,0,1,0,0,0,0,forc
catastrophe,1,1,1,0,1,1,0,catastroph
hate,1,1,1,0,1,0,0,hate
hateful,1,1,1,0,1,0,0,hate
coop,1,1,0,0,0,0,0,coop
casualty,1,0,1,0,1,0,0,casualti
feud,1,0,0,0,0,0,0,feud
rating,1,0,1,0,1,0,0,rate
savage,1,0,1,0,0,0,0,savag
swastika,1,0,1,0,0,0,0,swastika
contemptible,1,1,0,0,0,0,0,contempt
detract,1,0,0,0,0,0,0,detract
irate,1,0,0,0,0,0,0,irat
failing,1,0,1,0,1,0,0,fail
grating,1,1,0,0,0,0,0,grate
earthquake,1,0,1,0,1,1,0,earthquak
forfeit,1,0,0,0,1,0,0,forfeit
separatist,1,1,0,0,0,0,0,separatist
inconvenient,1,1,0,0,1,0,0,inconveni
instinctive,1,1,1,0,0,0,0,instinct
tighten,1,0,0,0,0,0,0,tighten
dame,1,1,0,0,0,0,0,dame
infanticide,1,1,1,0,1,0,0,infanticid
revulsion,1,1,1,0,0,0,0,revuls
cad,1,1,0,0,0,0,0,cad
terrorism,1,1,1,0,1,0,0,terror
hamstring,1,0,0,0,1,0,0,hamstr
fugitive,1,1,1,0,1,0,0,fugit
unruly,1,1,1,0,0,0,0,unruli
rebel,1,0,1,0,0,0,0,rebel
allegation,1,0,0,0,0,0,0,alleg
feudalism,1,0,0,0,1,0,0,feudal
worthless,1,1,0,0,1,0,0,worthless
threat,1,0,1,0,0,0,0,threat
warlike,1,0,1,0,0,0,0,warlik
rampage,1,0,1,0,0,0,0,rampag
cutthroat,1,0,1,0,0,0,0,cutthroat
flagrant,1,1,0,0,0,0,0,flagrant
blemish,1,1,1,0,1,0,0,blemish
cruelly,1,0,1,0,0,0,0,cruelli
waffle,1,0,0,0,1,0,0,waffl
grated,1,0,0,0,0,0,0,grate
pound,1,0,0,0,0,0,0,pound
commotion,1,0,0,0,0,0,0,commot
deceit,1,1,1,0,1,1,0,deceit
crabby,1,0,0,0,0,0,0,crabbi
horrible,1,1,1,0,0,0,0,horribl
detest,1,1,0,0,0,0,0,detest
snarl,1,1,0,0,0,0,0,snarl
remove,1,0,1,0,1,0,0,remov
morbidity,1,1,1,0,1,0,0,morbid
deranged,1,1,1,0,0,0,0,derang
bully,1,0,1,0,0,0,0,bulli
rail,1,0,0,0,0,0,0,rail
confront,1,0,0,0,0,0,0,confront
tiff,1,0,0,0,0,0,0,tiff
senseless,1,1,1,0,1,1,0,senseless
disastrous,1,0,1,0,1,0,0,disastr
underpaid,1,0,0,0,1,0,0,underpaid
harbinger,1,0,1,0,0,0,0,harbing
terrible,1,1,1,0,1,0,0,terribl
stifled,1,0,1,0,1,0,0,stifl
provoking,1,1,0,0,0,0,0,provok
blast,1,0,1,0,0,1,0,blast
berserk,1,0,0,0,0,0,0,berserk
hiss,1,0,1,0,0,0,0,hiss
endless,1,0,1,1,1,0,0,endless
difficulty,1,0,1,0,1,0,0,difficulti
detainee,1,0,1,0,1,0,0,detaine
armament,1,0,1,0,0,0,0,armament
contentious,1,1,1,0,0,0,0,contenti
liquor,1,0,0,1,1,0,0,liquor
ulcer,1,1,1,0,1,0,0,ulcer
overpowering,1,0,1,0,0,0,0,overpow
harmful,1,1,1,0,1,0,0,harm
mutilation,1,1,1,0,1,0,0,mutil
infamous,1,1,1,0,0,0,0,infam
furious,1,1,0,0,0,0,0,furiou
revolver,1,0,1,0,1,0,0,revolv
limited,1,0,0,0,1,0,0,limit
scrapie,1,0,1,0,1,0,0,scrapi
indignation,1,1,0,0,0,0,0,indign
fenced,1,0,0,0,0,0,0,fenc
untrustworthy,1,0,0,0,0,0,0,untrustworthi
fuming,1,0,0,0,0,0,0,fume
taunt,1,0,1,0,1,0,0,taunt
hating,1,0,0,0,0,0,0,hate
nepotism,1,1,0,0,1,0,0,nepot
wreak,1,0,0,0,0,0,0,wreak
punitive,1,0,1,0,1,0,0,punit
ringer,1,0,0,0,0,0,0,ringer
slash,1,0,0,0,0,0,0,slash
sickening,1,1,1,0,1,0,0,sicken
incredulous,1,1,0,0,0,0,0,incredul
vampire,1,1,1,0,0,0,0,vampir
loudness,1,0,0,0,0,0,0,loud
indignant,1,0,0,0,0,0,0,indign
rook,1,1,0,0,0,0,0,rook
inattention,1,0,0,0,0,0,0,inattent
grim,1,1,1,0,1,0,0,grim
unsettled,1,1,1,0,0,0,0,unsettl
advocacy,1,0,0,1,0,0,1,advocaci
tremor,1,0,1,0,1,0,0,tremor
manipulation,1,0,1,0,0,0,0,manipul
elbow,1,0,0,0,0,0,0,elbow
anarchist,1,0,1,0,0,0,0,anarchist
avenger,1,0,0,0,0,0,0,aveng
rabble,1,0,1,0,0,0,0,rabbl
expulsion,1,1,1,0,1,0,0,expuls
talons,1,0,1,0,0,0,0,talon
perverse,1,1,1,0,0,0,0,pervers
egregious,1,1,0,0,0,0,0,egregi
undesirable,1,1,1,0,1,0,0,undesir
howl,1,1,1,0,1,1,0,howl
fury,1,0,1,0,1,0,0,furi
ferocious,1,1,1,0,0,0,0,feroci
contemptuous,1,0,0,0,0,0,0,contemptu
ferocity,1,0,0,0,0,0,0,feroc
rape,1,1,1,0,1,0,0,rape
treacherous,1,1,1,0,0,0,0,treacher
dominate,1,0,1,0,0,0,0,domin
crime,1,0,0,0,0,0,0,crime
gibberish,1,0,0,0,0,0,0,gibberish
polemic,1,1,0,0,0,0,0,polem
anger,1,0,0,0,0,0,0,anger
snarling,1,0,0,0,0,0,0,snarl
abolish,1,0,0,0,0,0,0,abolish
shout,1,0,0,0,0,1,0,shout
smuggler,1,1,1,0,0,0,0,smuggler
blockade,1,0,1,0,1,0,0,blockad
bloodshed,1,1,1,0,1,1,0,bloodsh
spat,1,0,0,0,0,0,0,spat
intruder,1,0,1,0,0,1,0,intrud
elimination,1,1,1,0,1,0,0,elimin
rebellion,1,1,1,0,0,0,0,rebellion
scarcity,1,0,1,0,1,0,0,scarciti
torture,1,1,1,0,1,0,0,tortur
perversion,1,1,0,0,1,0,0,pervers
turbulence,1,0,1,0,0,0,0,turbul
strike,1,0,0,0,0,0,0,strike
carelessness,1,1,0,0,0,0,0,careless
slaughterhouse,1,1,1,0,1,0,0,slaughterhous
confiscate,1,0,0,0,1,0,0,confisc
poverty,1,1,1,0,1,0,0,poverti
screwed,1,0,0,0,0,0,0,screw
unhappy,1,1,0,0,1,0,0,unhappi
horrific,1,1,1,0,1,0,0,horrif
havoc,1,0,1,0,0,0,0,havoc
lonely,1,1,1,0,1,0,0,lone
bear,1,0,1,0,0,0,0,bear
daemon,1,1,1,0,1,1,0,daemon
renegade,1,0,0,0,0,0,0,renegad
broil,1,0,0,0,0,0,0,broil
inexcusable,1,1,0,0,1,0,0,inexcus
prick,1,1,1,0,0,1,0,prick
dislocated,1,1,1,0,1,0,0,disloc
domination,1,0,1,0,1,0,0,domin
shackle,1,1,1,0,1,0,0,shackl
burke,1,1,1,0,1,0,0,burk
uncertain,1,1,1,0,0,1,0,uncertain
saloon,1,0,0,0,0,0,0,saloon
paucity,1,1,0,0,1,0,0,pauciti
bomb,1,0,1,0,1,1,0,bomb
psychosis,1,0,1,0,1,0,0,psychosi
cash,1,0,1,1,0,0,1,cash
dispossessed,1,0,1,0,1,0,0,dispossess
sentence,1,1,1,0,1,0,0,sentenc
outrage,1,1,0,0,0,0,0,outrag
barrier,1,0,0,0,0,0,0,barrier
unpaid,1,0,0,0,1,0,0,unpaid
mournful,1,0,1,0,1,0,0,mourn
steal,1,0,1,0,1,0,0,steal
segregate,1,1,0,0,1,0,0,segreg
blackmail,1,0,1,0,0,0,0,blackmail
opera,1,0,1,1,1,1,1,opera
mighty,1,0,1,1,0,0,0,mighti
lagging,1,1,0,0,1,0,0,lag
defy,1,0,1,0,1,1,0,defi
upheaval,1,0,1,0,1,0,0,upheav
turmoil,1,0,1,0,1,0,0,turmoil
unjustifiable,1,1,1,0,0,0,0,unjustifi
bastion,1,0,0,0,0,0,0,bastion
foray,1,0,0,0,0,0,0,foray
forsaken,1,0,0,0,1,0,0,forsaken
friction,1,0,0,0,0,0,0,friction
dying,1,1,1,0,1,0,0,die
lawsuit,1,1,1,0,1,1,0,lawsuit
pernicious,1,0,1,0,1,0,0,pernici
fib,1,0,0,0,0,0,0,fib
leukemia,1,0,1,0,1,0,0,leukemia
tyrant,1,1,1,0,1,0,0,tyrant
bearish,1,0,1,0,0,0,0,bearish
volatility,1,0,1,0,0,1,0,volatil
effigy,1,0,0,0,0,0,0,effigi
affront,1,1,1,0,1,1,0,affront
arson,1,0,1,0,0,0,0,arson
wretch,1,1,0,0,1,0,0,wretch
vermin,1,1,1,0,0,0,0,vermin
presumptuous,1,1,0,0,0,0,0,presumptu
musical,1,0,0,1,1,1,1,music
bitch,1,1,1,0,1,0,0,bitch
retract,1,0,0,0,0,0,0,retract
shun,1,1,0,0,1,0,0,shun
shoplifting,1,1,0,0,0,0,0,shoplift
forearm,1,0,0,0,0,0,0,forearm
cheat,1,1,0,0,0,0,0,cheat
standoff,1,0,1,0,0,0,0,standoff
torment,1,0,1,0,1,0,0,torment
malpractice,1,0,0,0,0,0,0,malpractic
penitentiary,1,0,0,0,0,0,0,penitentiari
crusade,1,0,1,0,0,0,0,crusad
impotence,1,0,1,0,1,0,0,impot
ungrateful,1,1,0,0,0,0,0,ungrat
convict,1,1,1,0,1,0,0,convict
uprising,1,0,1,0,0,0,0,upris
monstrosity,1,1,1,0,0,1,0,monstros
powerful,1,1,1,1,0,0,1,power
simmer,1,0,0,0,0,0,0,simmer
firearms,1,0,1,0,0,0,0,firearm
treat,1,1,1,1,1,1,1,treat
shatter,1,0,1,0,1,1,0,shatter
barbaric,1,1,1,0,0,0,0,barbar
furiously,1,0,0,0,0,0,0,furious
wop,1,0,0,0,0,0,0,wop
scapegoat,1,0,1,0,0,0,0,scapegoat
grope,1,1,1,0,0,0,0,grope
delusion,1,0,1,0,1,0,0,delus
derision,1,1,0,0,0,0,0,deris
unbridled,1,0,1,0,0,1,1,unbridl
litigious,1,1,0,0,0,0,0,litigi
ire,1,0,0,0,0,0,0,ire
smash,1,0,1,0,0,0,0,smash
misstatement,1,1,0,0,0,0,0,misstat
sneak,1,0,1,0,0,1,0,sneak
delay,1,1,1,0,1,0,0,delay
burial,1,0,1,0,1,0,0,burial
lightning,1,0,1,0,0,1,0,lightn
molestation,1,1,1,0,1,0,0,molest
melodrama,1,0,0,0,1,0,0,melodrama
damn,1,1,0,0,0,0,0,damn
marry,0,0,1,1,0,1,1,marri
fulfill,0,0,0,1,0,0,0,fulfil
atone,0,0,0,1,0,0,1,aton
vanish,0,0,0,0,0,1,0,vanish
tantalizing,0,0,0,1,0,1,1,tantal
entertaining,0,0,0,1,0,0,1,entertain
quicksilver,0,0,0,0,0,1,0,quicksilv
kennel,0,0,0,0,1,0,0,kennel
flesh,0,1,0,0,0,0,0,flesh
oddity,0,1,0,0,1,1,0,odditi
splendor,0,0,0,1,0,1,1,splendor
symmetry,0,0,0,1,0,0,0,symmetri
award,0,0,0,1,0,1,1,award
rod,0,0,1,0,0,0,0,rod
avalanche,0,0,1,0,1,1,0,avalanch
isolation,0,0,0,0,1,0,0,isol
mortgage,0,0,1,0,0,0,0,mortgag
falsity,0,1,0,0,0,0,0,falsiti
amusing,0,0,0,1,0,0,0,amus
art,0,0,0,1,1,1,1,art
restorative,0,0,0,1,0,0,1,restor
stillness,0,0,1,0,1,0,0,still
lumpy,0,1,0,0,0,0,0,lumpi
intercede,0,0,1,0,1,0,0,interced
spoil,0,1,0,0,0,0,0,spoil
radioactive,0,0,1,0,0,0,0,radioact
champion,0,0,0,1,0,0,1,champion
sadness,0,0,0,0,1,0,0,sad
ammonia,0,1,0,0,0,0,0,ammonia
spinster,0,0,1,0,1,0,0,spinster
matrimony,0,0,0,1,0,0,1,matrimoni
inviting,0,0,0,1,0,1,1,invit
clumsy,0,1,0,0,0,0,0,clumsi
sterile,0,0,0,0,1,0,0,steril
agonizing,0,0,1,0,0,0,0,agon
infectious,0,1,1,0,1,0,0,infecti
rarity,0,0,0,0,0,1,0,rariti
caries,0,1,0,0,0,0,0,cari
cathedral,0,0,0,1,0,0,0,cathedr
pity,0,0,0,0,1,0,0,piti
smuggle,0,0,1,0,0,0,0,smuggl
radiation,0,0,1,0,0,0,0,radiat
accidentally,0,0,0,0,0,1,0,accident
paranoia,0,0,1,0,0,0,0,paranoia
visionary,0,0,0,1,0,0,1,visionari
rule,0,0,1,0,0,0,0,rule
predicament,0,0,1,0,0,0,0,predica
reward,0,0,0,1,0,1,1,reward
rapid,0,0,0,0,0,1,0,rapid
impurity,0,1,0,0,0,0,0,impur
enchanted,0,0,0,1,0,0,0,enchant
backwater,0,0,0,0,1,0,0,backwat
razor,0,0,1,0,0,0,0,razor
falling,0,0,0,0,1,0,0,fall
hazard,0,0,1,0,0,0,0,hazard
impossible,0,0,0,0,1,0,0,imposs
intimate,0,0,0,1,0,0,1,intim
reluctant,0,0,1,0,0,0,0,reluct
dilapidated,0,1,0,0,1,0,0,dilapid
obi,0,1,1,0,0,0,0,obi
abscess,0,0,0,0,1,0,0,abscess
authentic,0,0,0,1,0,0,0,authent
luster,0,0,0,1,0,0,0,luster
goo,0,1,0,0,0,0,0,goo
harvest,0,0,0,1,0,0,1,harvest
meditate,0,0,0,1,0,0,1,medit
affection,0,0,0,1,0,0,0,affect
grizzly,0,0,1,0,0,0,0,grizzli
commemorate,0,0,0,1,1,0,1,commemor
languishing,0,0,1,0,1,0,0,languish
gut,0,1,0,0,0,0,0,gut
birth,0,0,1,1,0,0,1,birth
birthday,0,0,0,1,0,1,1,birthday
wane,0,0,0,0,1,0,0,wane
adorable,0,0,0,1,0,0,0,ador
dubious,0,0,1,0,0,0,0,dubiou
amused,0,0,0,1,0,0,0,amus
lavatory,0,1,0,0,0,0,0,lavatori
downfall,0,0,1,0,1,0,0,downfal
music,0,0,0,1,1,0,0,music
excluding,0,0,0,0,1,0,0,exclud
badly,0,0,0,0,1,0,0,badli
sluggish,0,0,0,0,1,0,0,sluggish
achievement,0,0,0,1,0,0,1,achiev
unintentional,0,0,0,0,0,1,0,unintent
hearse,0,0,1,0,1,0,0,hears
crescendo,0,0,0,1,0,1,1,crescendo
jungle,0,0,1,0,0,0,0,jungl
sympathize,0,0,0,0,1,0,0,sympath
candid,0,0,0,1,0,1,1,candid
mistaken,0,0,1,0,0,0,0,mistaken
unacceptable,0,0,0,0,1,0,0,unaccept
glad,0,0,0,1,0,0,1,glad
committal,0,0,0,0,1,0,0,committ
lovable,0,0,0,1,0,0,0,lovabl
scaffold,0,0,1,0,0,0,0,scaffold
stinking,0,1,0,0,0,0,0,stink
withered,0,1,0,0,0,0,0,wither
festival,0,0,0,1,0,1,1,festiv
sequestration,0,0,0,0,1,0,0,sequestr
repress,0,0,0,0,1,0,0,repress
lyrical,0,0,0,1,0,0,0,lyric
grieve,0,0,1,0,1,0,0,griev
emergency,0,0,1,0,1,1,0,emerg
lifeless,0,0,1,0,1,0,0,lifeless
projectiles,0,0,1,0,0,0,0,projectil
contaminated,0,1,1,0,1,0,0,contamin
retirement,0,0,1,1,1,0,1,retir
cradle,0,0,0,1,0,0,1,cradl
planning,0,0,0,0,0,0,1,plan
hag,0,1,1,0,0,0,0,hag
illumination,0,0,0,1,0,1,0,illumin
cultivate,0,0,0,0,0,0,1,cultiv
leeches,0,1,1,0,0,0,0,leech
hiding,0,0,1,0,0,0,0,hide
pensive,0,0,0,0,1,0,0,pensiv
princely,0,0,0,1,0,1,1,princ
blissful,0,0,0,1,0,0,0,bliss
debris,0,1,0,0,0,0,0,debri
inefficiency,0,1,0,0,1,0,0,ineffici
toxin,0,0,1,0,0,0,0,toxin
unbeaten,0,0,0,1,1,1,1,unbeaten
church,0,0,0,1,0,0,1,church
hospice,0,0,0,0,1,0,0,hospic
green,0,0,0,1,0,0,0,green
virginity,0,0,0,0,0,0,1,virgin
unpleasant,0,1,0,0,1,0,0,unpleas
aloha,0,0,0,1,0,0,1,aloha
courtship,0,0,0,1,0,0,1,courtship
delirium,0,1,0,0,1,0,0,delirium
barricade,0,0,1,0,0,0,0,barricad
weeping,0,0,0,0,1,0,0,weep
bereaved,0,0,0,0,1,0,0,bereav
waver,0,0,1,0,0,0,0,waver
grief,0,0,0,0,1,0,0,grief
crying,0,0,0,0,1,0,0,cri
admonition,0,0,1,0,0,0,0,admonit
distorted,0,1,0,0,0,0,0,distort
unintentionally,0,0,0,0,0,1,0,unintent
pledge,0,0,0,1,0,0,0,pledg
urn,0,0,0,0,1,0,0,urn
shining,0,0,0,1,0,0,1,shine
incubus,0,1,1,0,0,0,0,incubu
couch,0,0,0,0,1,0,0,couch
syringe,0,0,1,0,0,0,0,syring
coy,0,0,1,0,0,0,0,coy
mite,0,1,0,0,0,0,0,mite
unrest,0,0,1,0,1,0,0,unrest
stools,0,1,0,0,0,0,0,stool
daft,0,1,0,0,0,0,0,daft
coincidence,0,0,0,0,0,1,0,coincid
carol,0,0,0,1,0,0,0,carol
presto,0,0,0,1,0,1,0,presto
unspeakable,0,0,1,0,0,0,0,unspeak
anchorage,0,0,0,0,1,0,0,anchorag
burglar,0,1,1,0,0,0,0,burglar
travesty,0,1,1,0,1,0,0,travesti
dictator,0,0,1,0,0,0,0,dictat
crap,0,1,0,0,0,0,0,crap
flee,0,0,1,0,0,0,0,flee
precious,0,0,0,1,0,1,1,preciou
illusion,0,0,0,0,0,1,0,illus
comfort,0,0,0,1,0,0,1,comfort
ultimately,0,0,0,0,0,0,1,ultim
immigrant,0,0,1,0,0,0,0,immigr
choral,0,0,0,1,0,0,0,choral
aphid,0,1,0,0,0,0,0,aphid
efficient,0,0,0,0,0,0,1,effici
fancy,0,0,0,1,0,0,1,fanci
cadaver,0,1,1,0,1,1,0,cadav
somatic,0,0,0,0,0,1,0,somat
socialism,0,1,1,0,0,0,0,social
shockingly,0,0,0,0,0,1,0,shockingli
healing,0,0,0,1,0,0,1,heal
asp,0,0,1,0,0,0,0,asp
perpetuity,0,0,0,0,0,0,1,perpetu
unimportant,0,0,0,0,1,0,0,unimport
trick,0,0,0,0,0,1,0,trick
grave,0,0,1,0,1,0,0,grave
phantom,0,0,1,0,0,0,0,phantom
ware,0,0,1,0,0,0,0,ware
unworthy,0,1,0,0,0,0,0,unworthi
flaw,0,0,0,0,1,0,0,flaw
paddle,0,0,0,0,0,0,1,paddl
astonishingly,0,0,0,0,0,1,0,astonishingli
bottom,0,0,0,0,1,0,0,bottom
bloated,0,1,0,0,0,0,0,bloat
uneducated,0,0,0,0,1,0,0,uneduc
rejoicing,0,0,0,1,0,1,1,rejoic
benevolence,0,0,0,1,0,0,0,benevol
heretic,0,1,0,0,0,0,0,heret
ecstatic,0,0,0,1,0,1,1,ecstat
falsify,0,1,0,0,0,0,0,falsifi
doubt,0,0,1,0,1,0,0,doubt
merry,0,0,0,1,0,0,0,merri
conjure,0,0,0,0,0,1,0,conjur
glum,0,0,0,0,1,0,0,glum
hesitation,0,0,1,0,0,0,0,hesit
excellent,0,0,0,1,0,0,0,excel
precipice,0,0,1,0,0,0,0,precipic
bailiff,0,0,1,0,0,0,0,bailiff
cobra,0,0,1,0,0,0,0,cobra
rancid,0,1,0,0,0,0,0,rancid
responsive,0,0,0,0,0,0,1,respons
blues,0,0,1,0,1,0,0,blue
pornography,0,1,0,0,0,0,0,pornographi
extricate,0,0,0,0,0,0,1,extric
experiment,0,0,0,0,0,1,0,experi
unrequited,0,0,0,0,1,0,0,unrequit
brighten,0,0,0,1,0,1,0,brighten
superman,0,0,0,1,0,0,0,superman
exquisite,0,0,0,1,0,0,0,exquisit
timid,0,0,1,0,1,0,0,timid
drab,0,0,0,0,1,0,0,drab
ovation,0,0,0,0,1,0,0,ovat
elevation,0,0,1,1,0,0,1,elev
wimp,0,1,1,0,0,0,0,wimp
thirst,0,0,0,0,1,1,0,thirst
captive,0,0,1,0,1,0,0,captiv
missing,0,0,1,0,1,0,0,miss
hurrah,0,0,0,1,0,0,0,hurrah
gain,0,0,0,1,0,0,1,gain
scientist,0,0,0,0,0,0,1,scientist
regurgitation,0,1,0,0,0,0,0,regurgit
cage,0,0,0,0,1,0,0,cage
happily,0,0,0,1,0,0,0,happili
unclean,0,1,0,0,0,0,0,unclean
unholy,0,0,1,0,0,0,0,unholi
wallow,0,1,0,0,1,0,0,wallow
famine,0,0,0,0,1,0,0,famin
postponement,0,0,0,0,0,1,0,postpon
dinosaur,0,0,1,0,0,0,0,dinosaur
excellence,0,1,0,1,0,0,0,excel
stink,0,1,0,0,0,0,0,stink
leave,0,0,0,0,1,1,0,leav
ailing,0,0,1,0,1,0,0,ail
boil,0,1,0,0,0,0,0,boil
independence,0,0,0,1,0,1,1,independ
feat,0,0,0,1,0,1,1,feat
lowly,0,0,0,0,1,0,0,lowli
laxative,0,1,1,0,0,0,0,lax
rack,0,0,0,0,1,0,0,rack
ugliness,0,1,1,0,1,0,0,ugli
shipwreck,0,0,1,0,1,0,0,shipwreck
spa,0,0,0,1,0,1,1,spa
debacle,0,0,1,0,1,0,0,debacl
deformed,0,1,0,0,1,0,0,deform
burnt,0,1,0,0,0,0,0,burnt
majestic,0,0,0,1,0,1,1,majest
vacation,0,0,0,1,0,0,1,vacat
foreigner,0,0,1,0,0,0,0,foreign
nullify,0,0,0,0,0,1,0,nullifi
thrift,0,1,0,0,0,0,0,thrift
swine,0,1,0,0,0,0,0,swine
terminate,0,0,0,0,1,0,0,termin
rattlesnake,0,0,1,0,0,0,0,rattlesnak
singularly,0,0,0,0,0,1,0,singularli
pollution,0,1,0,0,0,0,0,pollut
sloppy,0,1,0,0,0,0,0,sloppi
reticent,0,0,1,0,0,0,0,retic
formidable,0,0,1,0,0,0,0,formid
interment,0,0,0,0,1,0,0,inter
flattering,0,0,0,1,0,0,0,flatter
abundant,0,0,0,1,0,0,0,abund
perturbation,0,0,1,0,0,0,0,perturb
weakly,0,0,1,0,1,0,0,weakli
crumbling,0,0,0,0,1,0,0,crumbl
edification,0,0,0,1,0,0,1,edif
perplexity,0,0,0,0,1,0,0,perplex
discoloration,0,1,0,0,0,0,0,discolor
spider,0,1,1,0,0,0,0,spider
uninvited,0,0,0,0,1,0,0,uninvit
sump,0,1,0,0,0,0,0,sump
bereavement,0,0,0,0,1,0,0,bereav
mortgagor,0,0,1,0,0,0,0,mortgagor
scarcely,0,0,0,0,1,0,0,scarc
pastry,0,0,0,1,0,0,0,pastri
premeditated,0,0,1,0,0,0,0,premedit
utopian,0,0,0,1,0,0,1,utopian
fault,0,0,0,0,1,0,0,fault
mystery,0,0,0,0,0,1,0,mysteri
decomposition,0,1,1,0,1,0,0,decomposit
stomach,0,1,0,0,0,0,0,stomach
radon,0,0,1,0,0,0,0,radon
jurisprudence,0,0,0,0,1,0,0,jurisprud
surge,0,0,0,0,0,1,0,surg
unintended,0,0,0,0,0,1,0,unintend
friendly,0,0,0,1,0,0,1,friendli
wonderfully,0,0,0,1,0,1,0,wonder
corpse,0,1,0,0,1,0,0,corps
horde,0,0,0,0,0,1,0,hord
lunge,0,0,0,0,0,1,0,lung
muddy,0,1,0,0,0,0,0,muddi
adultery,0,1,0,0,1,0,0,adulteri
peril,0,0,1,0,1,0,0,peril
adrift,0,0,1,0,1,0,0,adrift
haggard,0,0,0,0,1,0,0,haggard
delight,0,0,0,1,0,0,1,delight
darken,0,0,1,0,1,0,0,darken
dispose,0,1,0,0,0,0,0,dispos
sunset,0,0,0,0,0,0,1,sunset
baboon,0,1,0,0,0,0,0,baboon
snort,0,0,0,0,1,0,0,snort
auditor,0,0,1,0,0,0,0,auditor
exclaim,0,0,0,0,0,1,0,exclaim
marvelous,0,0,0,1,0,0,0,marvel
share,0,0,0,1,0,0,1,share
nose,0,1,0,0,0,0,0,nose
heft,0,0,1,0,0,0,1,heft
monsoon,0,0,0,0,1,0,0,monsoon
expedition,0,0,0,0,0,0,1,expedit
malfeasance,0,1,0,0,0,0,0,malfeas
rogue,0,1,0,0,0,0,0,rogu
mandamus,0,0,1,0,0,0,0,mandamu
worse,0,0,1,0,1,0,0,wors
cable,0,0,0,0,0,1,0,cabl
sneeze,0,1,0,0,0,1,0,sneez
picnic,0,0,0,1,0,1,1,picnic
thwart,0,0,0,0,0,1,0,thwart
mum,0,0,1,0,0,0,0,mum
practise,0,0,0,0,0,0,1,practis
fever,0,0,1,0,0,0,0,fever
addresses,0,0,0,0,0,0,1,address
diary,0,0,0,1,0,0,0,diari
discreet,0,0,0,0,0,0,1,discreet
leprosy,0,1,1,0,1,0,0,leprosi
dismemberment,0,1,1,0,1,0,0,dismember
negative,0,0,0,0,1,0,0,neg
chocolate,0,0,0,1,0,0,1,chocol
ghost,0,0,1,0,0,0,0,ghost
desolation,0,0,1,0,1,0,0,desol
beer,0,0,0,1,0,0,0,beer
imminent,0,0,1,0,0,0,0,immin
fidelity,0,0,0,1,0,0,0,fidel
applause,0,0,0,1,0,1,0,applaus
lost,0,0,0,0,1,0,0,lost
breakup,0,0,0,0,1,0,0,breakup
fluke,0,0,0,0,0,1,0,fluke
excluded,0,1,0,0,1,0,0,exclud
locust,0,0,1,0,0,0,0,locust
pine,0,0,0,0,1,0,0,pine
stealthily,0,0,0,0,0,1,0,stealthili
apathetic,0,0,0,0,1,0,0,apathet
dole,0,0,0,0,1,0,0,dole
sensual,0,0,0,1,0,1,1,sensual
sonorous,0,0,0,1,0,0,0,sonor
warn,0,0,1,0,0,1,0,warn
secrecy,0,0,0,0,0,1,0,secreci
forlorn,0,0,0,0,1,0,0,forlorn
perish,0,0,1,0,1,0,0,perish
annulment,0,0,0,0,1,0,0,annul
voluptuous,0,0,0,1,0,0,1,voluptu
toad,0,1,0,0,0,0,0,toad
confessional,0,0,1,0,0,0,0,confession
deformity,0,1,1,0,1,0,0,deform
suffering,0,1,1,0,1,0,0,suffer
raffle,0,0,0,0,0,1,0,raffl
astronomer,0,0,0,0,0,0,1,astronom
rising,0,0,0,1,0,0,1,rise
weird,0,1,0,0,0,0,0,weird
captor,0,0,1,0,0,0,0,captor
sing,0,0,0,1,1,0,1,sing
launch,0,0,0,0,0,0,1,launch
unacknowledged,0,0,0,0,1,0,0,unacknowledg
inheritance,0,0,0,1,0,1,1,inherit
shooter,0,0,1,0,0,0,0,shooter
scum,0,1,0,0,0,0,0,scum
unification,0,0,0,1,0,0,1,unif
hawk,0,0,1,0,0,0,0,hawk
congress,0,1,0,0,0,0,0,congress
veer,0,0,1,0,0,1,0,veer
judicial,0,0,0,0,0,0,1,judici
gloomy,0,0,0,0,1,0,0,gloomi
peace,0,0,0,1,0,0,1,peac
abject,0,1,0,0,0,0,0,abject
specter,0,0,1,0,1,0,0,specter
pang,0,0,0,0,0,1,0,pang
holiness,0,0,1,1,0,1,1,holi
appalling,0,1,1,0,0,0,0,appal
offset,0,0,0,0,0,0,1,offset
charmed,0,0,0,1,0,0,0,charm
shameful,0,0,0,0,1,0,0,shame
sunshine,0,0,0,1,0,0,0,sunshin
ashamed,0,1,0,0,1,0,0,asham
wail,0,0,1,0,1,0,0,wail
patience,0,0,0,0,0,0,1,patienc
enjoy,0,0,0,1,0,0,1,enjoy
reflex,0,0,0,0,0,1,0,reflex
prostitute,0,1,0,0,0,0,0,prostitut
unemployed,0,0,1,0,1,0,0,unemploy
cry,0,0,0,0,1,0,0,cri
cess,0,1,0,0,0,0,0,ce
sloth,0,1,0,0,0,0,0,sloth
fussy,0,1,0,0,0,0,0,fussi
ineptitude,0,1,1,0,1,0,0,ineptitud
quaint,0,0,0,1,0,0,0,quaint
coyote,0,0,1,0,0,0,0,coyot
landslide,0,0,1,0,1,0,0,landslid
measles,0,1,1,0,1,0,0,measl
gasp,0,0,0,0,0,1,0,gasp
pastor,0,0,0,1,0,0,0,pastor
dank,0,1,0,0,0,0,0,dank
visitor,0,0,0,1,0,0,1,visitor
horizon,0,0,0,0,0,0,1,horizon
prey,0,0,1,0,0,0,0,prey
nobility,0,0,0,0,0,0,1,nobil
tyranny,0,0,1,0,1,0,0,tyranni
amour,0,0,0,1,0,0,1,amour
secrete,0,1,0,0,0,0,0,secret
welcomed,0,0,0,1,0,0,0,welcom
outcast,0,1,1,0,1,0,0,outcast
navigable,0,0,0,0,0,0,1,navig
blossom,0,0,0,1,0,0,0,blossom
whimsical,0,0,0,1,0,0,0,whimsic
recognizable,0,0,0,0,0,0,1,recogniz
boredom,0,0,0,0,1,0,0,boredom
eager,0,0,0,1,0,1,1,eager
liking,0,0,0,1,0,0,0,like
bowels,0,1,0,0,0,0,0,bowel
resplendent,0,0,0,1,0,0,0,resplend
council,0,0,0,0,0,0,1,council
liberty,0,0,0,1,0,1,1,liberti
uncover,0,0,0,0,0,1,0,uncov
dysentery,0,1,0,0,1,0,0,dysenteri
uninteresting,0,0,0,0,1,0,0,uninterest
volunteer,0,0,1,1,0,0,1,volunt
jubilant,0,0,0,1,0,1,0,jubil
tumor,0,0,1,0,0,0,0,tumor
infirmity,0,0,1,0,0,0,0,infirm
asylum,0,0,1,0,0,0,0,asylum
curiosity,0,0,0,0,0,1,1,curios
tornado,0,0,1,0,0,0,0,tornado
garish,0,1,0,0,0,1,0,garish
dungeon,0,0,1,0,0,0,0,dungeon
flirt,0,0,0,1,0,1,1,flirt
discourage,0,0,1,0,1,0,0,discourag
regrettable,0,0,0,0,1,0,0,regrett
vesicular,0,1,0,0,0,0,0,vesicular
idolatry,0,1,1,0,0,0,0,idolatri
thrill,0,0,1,1,0,1,1,thrill
guilt,0,1,0,0,1,0,0,guilt
greasy,0,1,0,0,0,0,0,greasi
modify,0,0,0,0,0,1,0,modifi
arouse,0,0,0,0,0,0,1,arous
loneliness,0,0,1,0,1,0,0,loneli
malaise,0,0,0,0,1,0,0,malais
sickly,0,1,0,0,1,0,0,sickli
fanaticism,0,0,1,0,0,0,0,fanatic
romantic,0,0,0,1,0,0,1,romant
outstanding,0,0,0,1,0,0,0,outstand
enliven,0,0,0,1,0,1,0,enliven
adventure,0,0,0,0,0,0,1,adventur
demented,0,0,1,0,0,0,0,dement
guard,0,0,1,0,0,0,0,guard
instructor,0,0,0,0,0,0,1,instructor
lusty,0,1,0,0,0,0,0,lusti
armored,0,0,1,0,0,0,0,armor
hopeful,0,0,0,1,0,1,1,hope
memorials,0,0,0,0,1,0,0,memori
apprehend,0,0,1,0,0,0,0,apprehend
discomfort,0,0,0,0,1,0,0,discomfort
glide,0,0,0,1,0,0,1,glide
overdue,0,0,0,0,1,1,0,overdu
exorcism,0,0,1,0,1,0,0,exorc
good,0,0,0,1,0,1,1,good
obese,0,1,0,0,0,0,0,obes
ripen,0,0,0,0,0,0,1,ripen
wearily,0,0,0,0,1,0,0,wearili
tax,0,0,0,0,1,0,0,tax
nappy,0,1,0,0,0,0,0,nappi
quake,0,0,1,0,0,0,0,quak
disability,0,0,0,0,1,0,0,disabl
shrapnel,0,0,1,0,0,0,0,shrapnel
clown,0,0,0,1,0,1,1,clown
ail,0,0,0,0,1,0,0,ail
paragon,0,0,0,1,0,0,1,paragon
regretting,0,0,0,0,1,0,0,regret
funeral,0,0,0,0,1,0,0,funer
prolong,0,1,0,0,0,0,0,prolong
degrading,0,1,1,0,1,0,0,degrad
cancel,0,0,0,0,1,0,0,cancel
respect,0,0,0,1,0,0,1,respect
piles,0,1,0,0,0,0,0,pile
verge,0,0,1,0,0,0,0,verg
salary,0,0,0,1,0,0,1,salari
transcendence,0,0,0,1,0,1,1,transcend
misfortune,0,0,1,0,1,0,0,misfortun
momentum,0,0,0,0,0,0,1,momentum
catechism,0,1,0,0,0,0,0,catech
revere,0,0,0,1,0,0,1,rever
questionable,0,1,0,0,0,0,0,question
trembling,0,0,1,0,0,0,0,trembl
celestial,0,0,0,1,0,0,1,celesti
plaintive,0,0,0,0,1,0,0,plaintiv
impending,0,0,1,0,0,0,0,impend
hoary,0,0,0,0,1,0,0,hoari
enjoying,0,0,0,1,0,0,1,enjoy
crouch,0,0,1,0,0,0,0,crouch
tomb,0,0,0,0,1,0,0,tomb
cartridge,0,0,1,0,0,0,0,cartridg
attenuation,0,0,0,0,1,0,0,attenu
labored,0,0,0,0,1,0,0,labor
emaciated,0,0,1,0,1,0,0,emaci
patient,0,0,0,0,0,0,1,patient
courageous,0,0,1,0,0,0,0,courag
refutation,0,0,1,0,0,0,0,refut
advent,0,0,0,1,0,0,1,advent
fat,0,1,0,0,1,0,0,fat
peri,0,0,0,0,0,1,0,peri
porn,0,1,0,0,0,0,0,porn
inadequate,0,0,0,0,1,0,0,inadequ
tender,0,0,0,1,0,0,0,tender
benign,0,0,0,1,0,0,0,benign
abrupt,0,0,0,0,0,1,0,abrupt
endocarditis,0,0,1,0,1,0,0,endocard
trashy,0,1,0,0,0,0,0,trashi
shrink,0,0,1,0,1,0,0,shrink
dove,0,0,0,1,0,0,1,dove
basketball,0,0,0,1,0,0,1,basketbal
tumour,0,0,1,0,1,0,0,tumour
coffin,0,0,1,0,1,0,0,coffin
jaundice,0,0,1,0,0,0,0,jaundic
zealous,0,0,0,1,0,0,0,zealou
syncope,0,0,1,0,1,1,0,syncop
nicotine,0,1,0,0,0,0,0,nicotin
homework,0,0,1,0,0,0,0,homework
inhospitable,0,0,0,0,1,0,0,inhospit
rigor,0,1,1,0,0,0,0,rigor
medical,0,0,1,0,0,0,1,medic
spectacular,0,0,0,0,0,1,0,spectacular
euthanasia,0,0,1,0,1,0,0,euthanasia
blister,0,1,0,0,0,0,0,blister
feeble,0,0,0,0,1,0,0,feebl
renovation,0,0,0,1,0,0,1,renov
rue,0,0,0,0,1,0,0,rue
gambling,0,0,0,0,0,1,0,gambl
gunpowder,0,0,1,0,0,0,0,gunpowd
true,0,0,0,1,0,0,0,true
orphan,0,0,1,0,1,0,0,orphan
eventuality,0,0,1,0,0,0,0,eventu
smile,0,0,0,1,0,1,0,smile
cuckold,0,1,0,0,0,0,0,cuckold
vulture,0,1,1,0,0,0,0,vultur
unfold,0,0,0,0,0,0,1,unfold
artillery,0,0,1,0,0,0,0,artilleri
shanghai,0,1,1,0,0,0,0,shanghai
intelligence,0,0,1,1,0,0,0,intellig
fondness,0,0,0,1,0,0,0,fond
margin,0,0,0,0,1,0,0,margin
genial,0,0,0,1,0,0,0,genial
corrosive,0,0,1,0,0,0,0,corros
suddenly,0,0,0,0,0,1,0,suddenli
whirlpool,0,0,1,0,0,0,0,whirlpool
inmate,0,1,1,0,0,0,0,inmat
phlegm,0,1,0,0,0,0,0,phlegm
smut,0,1,1,0,0,0,0,smut
irreparable,0,0,1,0,1,0,0,irrepar
jeopardy,0,0,1,0,0,0,0,jeopardi
miscarriage,0,0,1,0,1,0,0,miscarriag
inquiry,0,0,0,0,0,0,1,inquiri
abysmal,0,0,0,0,1,0,0,abysm
entrails,0,1,0,0,0,0,0,entrail
heavenly,0,0,0,1,0,0,1,heavenli
delicious,0,0,0,1,0,0,0,delici
captivity,0,0,0,0,1,0,0,captiv
constrain,0,0,1,0,0,0,0,constrain
wickedness,0,1,0,0,0,0,0,wicked
swelling,0,0,1,0,0,0,0,swell
parasite,0,1,1,0,0,0,0,parasit
kerosene,0,0,1,0,0,0,0,kerosen
shudder,0,0,1,0,0,0,0,shudder
cove,0,1,1,1,0,0,1,cove
foreclose,0,0,1,0,1,0,0,foreclos
wizard,0,0,0,0,0,1,1,wizard
midwife,0,0,0,1,0,0,1,midwif
abnormal,0,1,0,0,0,0,0,abnorm
buried,0,0,1,0,1,0,0,buri
grisly,0,1,1,0,0,0,0,grisli
hypertrophy,0,1,1,0,0,1,0,hypertrophi
salute,0,0,0,1,0,0,0,salut
senile,0,0,1,0,1,0,0,senil
gush,0,1,0,1,0,0,0,gush
analyst,0,0,0,0,0,0,1,analyst
squirm,0,1,0,0,0,0,0,squirm
unsurpassed,0,0,1,1,0,0,1,unsurpass
chuckle,0,0,0,1,0,1,1,chuckl
inseparable,0,0,0,1,0,0,0,insepar
whirlwind,0,0,1,0,0,0,0,whirlwind
connoisseur,0,0,0,1,0,0,0,connoisseur
hope,0,0,0,1,0,1,1,hope
varicella,0,1,1,0,1,0,0,varicella
noxious,0,1,1,0,0,0,0,noxiou
casket,0,0,1,0,1,0,0,casket
disheartening,0,0,0,0,1,0,0,dishearten
hero,0,0,0,1,0,1,1,hero
ejaculation,0,0,0,1,0,1,1,ejacul
gladiator,0,0,1,0,0,0,0,gladiat
embrace,0,0,0,1,0,1,1,embrac
doom,0,0,1,0,0,0,0,doom
excruciating,0,0,1,0,0,0,0,excruci
enlighten,0,0,0,1,0,0,0,enlighten
calamity,0,0,0,0,1,0,0,calam
choir,0,0,0,1,0,0,0,choir
devilish,0,1,1,0,0,0,0,devilish
cherish,0,0,0,1,0,1,1,cherish
volcano,0,0,1,0,0,1,0,volcano
pollute,0,1,0,0,0,0,0,pollut
blindly,0,0,0,0,1,0,0,blindli
ballot,0,0,0,0,0,0,1,ballot
succeed,0,0,0,1,0,1,1,succeed
vow,0,0,0,1,0,0,1,vow
refugee,0,0,0,0,1,0,0,refuge
twinkle,0,0,0,1,0,0,1,twinkl
zest,0,0,0,1,0,0,1,zest
disappear,0,0,1,0,0,0,0,disappear
creature,0,1,1,0,0,0,0,creatur
aesthetics,0,0,0,1,0,0,0,aesthet
latrines,0,1,0,0,0,0,0,latrin
apologize,0,0,0,0,1,0,0,apolog
bloom,0,0,0,1,0,0,1,bloom
funk,0,0,0,0,1,0,0,funk
prosperous,0,0,0,1,0,0,0,prosper
improvisation,0,0,0,0,0,1,0,improvis
save,0,0,0,1,0,0,0,save
gawk,0,0,0,0,0,1,0,gawk
cremation,0,0,0,0,1,0,0,cremat
squeamish,0,1,1,0,0,0,0,squeamish
injection,0,0,1,0,0,0,0,inject
torrent,0,0,1,0,0,0,0,torrent
mire,0,1,0,0,0,0,0,mire
mother,0,0,0,1,1,0,1,mother
sanctify,0,0,0,1,1,1,1,sanctifi
superstitious,0,0,1,0,0,0,0,superstiti
scarecrow,0,0,1,0,0,0,0,scarecrow
tearful,0,1,1,0,1,0,0,tear
sticky,0,1,0,0,0,0,0,sticki
beggar,0,0,0,0,1,0,0,beggar
dissection,0,1,0,0,0,0,0,dissect
amazingly,0,0,0,1,0,1,0,amazingli
lettered,0,0,0,0,0,0,1,letter
perchance,0,0,0,0,0,1,0,perchanc
haunt,0,0,1,0,0,0,0,haunt
raptors,0,0,1,0,0,0,0,raptor
priesthood,0,0,0,1,1,0,1,priesthood
childhood,0,0,0,1,0,0,0,childhood
reverie,0,0,0,1,0,0,0,reveri
rubble,0,0,1,0,1,0,0,rubbl
woeful,0,0,0,0,1,0,0,woeful
mediate,0,0,0,0,0,0,1,mediat
jaws,0,0,1,0,0,0,0,jaw
somber,0,0,0,0,1,0,0,somber
immaculate,0,0,0,1,0,0,0,immacul
overestimate,0,0,0,0,0,1,0,overestim
wan,0,0,1,0,1,0,0,wan
dart,0,0,1,0,0,0,0,dart
unpublished,0,0,0,0,1,0,0,unpublish
unsafe,0,0,1,0,0,0,0,unsaf
stagger,0,0,0,0,0,1,0,stagger
undiscovered,0,0,0,0,0,1,0,undiscov
heyday,0,0,0,1,0,0,1,heyday
football,0,0,0,1,0,0,1,footbal
disposed,0,0,0,0,0,0,1,dispos
defunct,0,0,0,0,1,0,0,defunct
joy,0,0,0,1,0,0,0,joy
sublimation,0,0,0,1,0,0,0,sublim
flaccid,0,0,0,0,1,0,0,flaccid
luck,0,0,0,1,0,1,1,luck
backwards,0,1,0,0,0,0,0,backward
tarnish,0,1,0,0,1,0,0,tarnish
heartily,0,0,0,1,0,0,0,heartili
glow,0,0,0,1,0,0,1,glow
swim,0,0,1,1,0,0,1,swim
undecided,0,0,1,0,0,0,0,undecid
crusty,0,1,0,0,0,0,0,crusti
alerts,0,0,1,0,0,1,0,alert
rapt,0,0,0,1,0,1,0,rapt
bankrupt,0,0,1,0,1,0,0,bankrupt
abortion,0,1,1,0,1,0,0,abort
spew,0,1,0,0,0,0,0,spew
wilderness,0,0,1,0,1,0,0,wilder
danger,0,0,1,0,1,0,0,danger
pimple,0,1,0,0,0,0,0,pimpl
greeting,0,0,0,0,0,1,0,greet
necessity,0,0,0,0,1,0,0,necess
purgatory,0,1,1,0,0,0,0,purgatori
cannibal,0,1,1,0,0,0,0,cannib
unaccountable,0,1,0,0,1,0,0,unaccount
detention,0,0,0,0,1,0,0,detent
charity,0,0,0,1,0,0,0,chariti
soiled,0,1,0,0,0,0,0,soil
magician,0,0,0,0,0,1,0,magician
luxury,0,0,0,1,0,0,0,luxuri
engaged,0,0,0,1,0,0,1,engag
enlightenment,0,0,0,1,0,0,0,enlighten
cop,0,0,1,0,0,0,0,cop
pus,0,1,0,0,0,0,0,pu
mirth,0,0,0,1,0,0,0,mirth
hire,0,0,0,1,0,0,1,hire
overwhelmed,0,0,0,0,1,0,0,overwhelm
catch,0,0,0,0,0,1,0,catch
feces,0,1,0,0,0,0,0,fece
aspire,0,0,0,1,0,0,1,aspir
forfeiture,0,0,1,0,1,0,0,forfeitur
chance,0,0,0,0,0,1,0,chanc
lonesome,0,0,0,0,1,0,0,lonesom
humbled,0,0,0,0,1,0,0,humbl
diagnosis,0,0,1,0,0,0,0,diagnosi
fungus,0,1,0,0,0,0,0,fungu
amnesty,0,0,0,1,0,0,0,amnesti
weary,0,0,0,0,1,0,0,weari
beg,0,0,0,0,1,0,0,beg
flinch,0,1,1,0,1,1,0,flinch
jackpot,0,0,0,1,0,1,1,jackpot
pleasant,0,0,0,1,0,1,1,pleasant
angelic,0,0,0,1,0,0,0,angel
unstable,0,0,1,0,0,1,0,unstabl
disregarded,0,1,0,0,0,0,0,disregard
elated,0,0,0,1,0,0,0,elat
mouthful,0,1,0,0,0,0,0,mouth
inexplicable,0,0,0,0,0,1,0,inexplic
uneasy,0,1,1,0,0,0,0,uneasi
nursery,0,0,0,1,0,0,0,nurseri
nervousness,0,0,1,0,0,0,0,nervous
lovemaking,0,0,0,1,0,0,0,lovemak
slug,0,1,0,0,0,0,0,slug
harrowing,0,0,1,0,0,0,0,harrow
stagnant,0,0,0,0,1,0,0,stagnant
ardent,0,0,0,1,0,0,1,ardent
store,0,0,0,0,0,0,1,store
severance,0,0,0,0,1,0,0,sever
spook,0,0,1,0,0,0,0,spook
flea,0,1,0,0,0,0,0,flea
lethal,0,1,1,0,1,0,0,lethal
mortification,0,1,1,0,1,0,0,mortif
viper,0,0,1,0,0,0,0,viper
dominion,0,0,1,0,0,0,0,dominion
unsatisfied,0,1,0,0,1,0,0,unsatisfi
cloudy,0,0,0,0,1,0,0,cloudi
asymmetry,0,1,0,0,0,0,0,asymmetri
difficult,0,0,1,0,0,0,0,difficult
erase,0,0,1,0,0,0,0,eras
delivery,0,0,0,0,0,0,1,deliveri
barren,0,0,0,0,1,0,0,barren
rejoice,0,0,0,1,0,1,1,rejoic
sanctification,0,0,0,1,0,0,0,sanctif
escaped,0,0,1,0,0,0,0,escap
cholera,0,1,1,0,1,0,0,cholera
tributary,0,0,0,0,0,0,1,tributari
widower,0,0,0,0,1,0,0,widow
rupture,0,0,1,0,1,1,0,ruptur
illiterate,0,1,0,0,0,0,0,illiter
surrender,0,0,1,0,1,0,0,surrend
dismal,0,1,1,0,1,0,0,dismal
ambulance,0,0,1,0,0,0,0,ambul
winning,0,1,0,1,1,1,1,win
war,0,0,1,0,0,0,0,war
ethereal,0,0,1,0,0,0,0,ether
extrajudicial,0,0,1,0,0,0,0,extrajudici
journey,0,0,1,1,0,0,1,journey
kind,0,0,0,1,0,0,0,kind
throb,0,0,1,0,1,0,0,throb
reconciliation,0,0,0,1,0,0,1,reconcili
mistake,0,0,0,0,1,0,0,mistak
beam,0,0,0,1,0,0,0,beam
seclusion,0,0,1,0,0,0,0,seclus
wanting,0,0,0,0,1,0,0,want
melancholic,0,0,0,0,1,0,0,melanchol
bury,0,0,0,0,1,0,0,buri
reappear,0,0,0,0,0,1,0,reappear
lament,0,1,1,0,1,0,0,lament
interested,0,1,0,0,1,0,0,interest
lucky,0,0,0,1,0,1,0,lucki
diaper,0,1,0,0,0,0,0,diaper
cleave,0,0,1,0,0,0,0,cleav
stint,0,0,1,0,1,0,0,stint
bacteria,0,1,1,0,1,0,0,bacteria
herpes,0,1,0,0,0,0,0,herp
mausoleum,0,0,0,0,1,0,0,mausoleum
devout,0,0,0,1,0,0,1,devout
unforeseen,0,0,0,0,0,1,0,unforeseen
sap,0,0,0,0,1,0,0,sap
ugly,0,1,0,0,0,0,0,ugli
subvert,0,1,1,0,1,0,0,subvert
blight,0,1,1,0,1,0,0,blight
puma,0,0,1,0,0,1,0,puma
worship,0,0,1,1,0,0,1,worship
uplift,0,0,0,1,0,0,1,uplift
cringe,0,1,1,0,1,0,0,cring
mage,0,0,1,0,0,0,0,mage
chirp,0,0,0,1,0,0,0,chirp
stealthy,0,0,1,0,0,1,0,stealthi
helpful,0,0,0,1,0,0,0,help
quail,0,0,1,0,0,0,0,quail
nausea,0,1,0,0,0,0,0,nausea
truce,0,0,0,1,0,0,0,truce
unfavorable,0,1,0,0,1,0,0,unfavor
nefarious,0,1,1,0,1,1,0,nefari
tract,0,0,1,0,0,0,0,tract
equality,0,0,0,1,0,0,0,equal
unpredictable,0,0,0,0,0,1,0,unpredict
appendicitis,0,0,1,0,1,0,0,append
extinct,0,0,0,0,1,0,0,extinct
muzzle,0,0,1,0,0,0,0,muzzl
gruesome,0,1,0,0,0,0,0,gruesom
octopus,0,1,0,0,0,0,0,octopu
accomplished,0,0,0,1,0,0,0,accomplish
sludge,0,1,0,0,0,0,0,sludg
organ,0,0,0,1,0,0,1,organ
sunk,0,1,1,0,1,0,0,sunk
wealth,0,0,0,1,0,0,0,wealth
meaningless,0,0,0,0,1,0,0,meaningless
discretion,0,0,0,0,0,0,1,discret
lurid,0,1,0,0,0,0,0,lurid
operation,0,0,1,0,0,0,0,oper
gloom,0,0,0,0,1,0,0,gloom
score,0,0,0,1,0,1,1,score
dolphin,0,0,0,1,0,1,0,dolphin
slump,0,0,0,0,1,0,0,slump
fete,0,0,0,1,0,1,1,fete
urgency,0,0,1,0,0,1,0,urgenc
messy,0,1,0,0,0,0,0,messi
affliction,0,1,1,0,1,0,0,afflict
hut,0,0,0,0,1,0,0,hut
farcical,0,1,0,0,0,0,0,farcic
disconnected,0,0,0,0,1,0,0,disconnect
pop,0,0,0,0,0,1,0,pop
tawny,0,1,0,0,0,0,0,tawni
blessing,0,0,0,1,0,0,1,bless
accident,0,0,1,0,1,1,0,accid
default,0,1,1,0,1,0,0,default
deviation,0,0,0,0,1,0,0,deviat
hypothesis,0,0,0,0,0,1,0,hypothesi
lewd,0,1,0,0,0,0,0,lewd
absent,0,0,0,0,1,0,0,absent
kite,0,1,0,0,0,0,0,kite
nameless,0,1,0,0,0,0,0,nameless
blessings,0,0,0,1,0,1,1,bless
rainy,0,0,0,0,1,0,0,raini
meek,0,0,0,0,1,0,0,meek
stormy,0,0,1,0,0,0,0,stormi
hymn,0,0,0,1,1,0,1,hymn
palsy,0,1,1,0,1,0,0,palsi
decayed,0,1,0,0,1,0,0,decay
glitter,0,1,0,1,0,0,0,glitter
misguided,0,1,0,0,0,0,0,misguid
unwelcome,0,0,0,0,1,0,0,unwelcom
hollow,0,0,0,0,1,0,0,hollow
harlot,0,1,0,0,0,0,0,harlot
worry,0,0,1,0,1,0,0,worri
awkwardness,0,1,0,0,0,0,0,awkward
misconduct,0,1,0,0,0,0,0,misconduct
bacterium,0,1,1,0,0,0,0,bacterium
humble,0,1,0,0,1,0,0,humbl
mange,0,1,1,0,0,0,0,mang
khan,0,0,1,0,0,0,0,khan
infect,0,1,0,0,0,0,0,infect
remarkable,0,0,0,1,0,1,0,remark
pleased,0,0,0,1,0,0,0,pleas
safe,0,0,0,1,0,0,0,safe
bovine,0,1,0,0,0,0,0,bovin
groan,0,1,0,0,1,0,0,groan
chastity,0,0,0,0,0,0,1,chastiti
sick,0,1,0,0,1,0,0,sick
vertigo,0,0,1,0,0,0,0,vertigo
secretion,0,1,0,0,0,0,0,secret
winnings,0,0,0,1,0,0,1,win
decoy,0,0,0,0,0,1,0,decoy
merge,0,0,0,0,0,0,1,merg
debt,0,0,0,0,1,0,0,debt
classics,0,0,0,1,0,0,0,classic
cupping,0,1,1,0,1,0,0,cup
parrot,0,1,0,0,0,0,0,parrot
fled,0,0,1,0,0,0,0,fled
debauchery,0,1,1,0,0,0,0,debaucheri
perspiration,0,1,0,0,0,0,0,perspir
regiment,0,0,1,0,0,0,0,regiment
diarrhoea,0,1,0,0,0,0,0,diarrhoea
bouquet,0,0,0,1,0,0,0,bouquet
departed,0,0,0,0,1,0,0,depart
opportunity,0,0,0,0,0,0,1,opportun
doldrums,0,0,0,0,1,0,0,doldrum
cream,0,0,0,1,0,1,1,cream
evanescence,0,0,0,0,1,1,0,evanesc
ultimate,0,0,0,0,1,0,0,ultim
quiver,0,0,1,0,0,0,0,quiver
importance,0,0,0,0,0,0,1,import
unguarded,0,0,0,0,0,1,0,unguard
resources,0,0,0,1,0,0,0,resourc
honeymoon,0,0,0,1,0,1,1,honeymoon
humanitarian,0,0,0,1,0,1,1,humanitarian
prophylactic,0,0,0,0,0,0,1,prophylact
privileged,0,0,0,1,0,0,0,privileg
therapeutic,0,0,0,1,0,0,0,therapeut
sex,0,0,0,1,0,0,1,sex
monetary,0,0,0,0,0,0,1,monetari
phalanx,0,0,1,0,0,0,0,phalanx
compliment,0,0,0,1,0,1,1,compliment
flounder,0,0,1,0,1,0,0,flounder
lax,0,0,0,0,1,0,0,lax
plague,0,1,1,0,1,0,0,plagu
gag,0,1,0,0,0,0,0,gag
unimaginable,0,0,0,0,0,1,0,unimagin
dependence,0,0,1,0,1,0,0,depend
mess,0,1,0,0,0,0,0,mess
cyclone,0,0,1,0,0,1,0,cyclon
instability,0,1,1,0,0,0,0,instabl
vainly,0,1,0,0,1,0,0,vainli
greedy,0,1,0,0,0,0,0,greedi
infestation,0,1,1,0,0,0,0,infest
soulless,0,1,1,0,1,0,0,soulless
disorder,0,0,1,0,0,0,0,disord
heroic,0,0,0,1,0,1,0,heroic
purify,0,0,0,1,0,0,0,purifi
ordnance,0,0,1,0,0,0,0,ordnanc
glory,0,0,0,1,0,0,1,glori
incontinence,0,0,0,0,0,1,0,incontin
fecal,0,1,0,0,0,0,0,fecal
interviewer,0,0,1,0,0,0,0,interview
quickness,0,0,0,0,0,1,0,quick
expect,0,0,0,0,0,1,1,expect
break,0,0,0,0,0,1,0,break
lockup,0,0,1,0,1,0,0,lockup
frolic,0,0,0,1,0,0,0,frolic
napkin,0,0,0,0,1,0,0,napkin
astrologer,0,0,0,0,0,0,1,astrolog
vigilance,0,0,0,0,0,0,1,vigil
favorite,0,0,0,1,0,0,0,favorit
rot,0,1,1,0,1,0,0,rot
majority,0,0,0,1,0,0,0,major
nothingness,0,0,0,0,1,0,0,nothing
sewer,0,1,0,0,0,0,0,sewer
daughter,0,0,0,1,0,0,0,daughter
sympathy,0,0,0,0,1,0,0,sympathi
ministry,0,0,0,1,0,0,0,ministri
chicane,0,0,0,0,0,1,0,chican
imprudent,0,0,0,0,1,0,0,imprud
chimera,0,0,1,0,0,1,0,chimera
escape,0,0,1,0,0,0,1,escap
dragon,0,0,1,0,0,0,0,dragon
unexpected,0,0,1,1,0,1,1,unexpect
morgue,0,1,1,0,1,0,0,morgu
rescue,0,0,0,1,0,1,1,rescu
ungodly,0,0,0,0,1,0,0,ungodli
regulatory,0,0,1,0,0,0,0,regulatori
regretted,0,0,0,0,1,0,0,regret
quarantine,0,0,1,0,0,0,0,quarantin
found,0,0,0,1,0,0,0,found
shopping,0,0,0,1,0,1,1,shop
trepidation,0,0,1,0,0,1,0,trepid
terminal,0,0,1,0,1,0,0,termin
martyr,0,0,1,0,1,0,0,martyr
lick,0,1,0,0,0,0,0,lick
cardiomyopathy,0,0,1,0,1,0,0,cardiomyopathi
pandemic,0,0,1,0,1,0,0,pandem
prejudiced,0,1,1,0,0,0,0,prejud
memorable,0,0,0,1,0,1,0,memor
austere,0,0,1,0,1,0,0,auster
endeavor,0,0,0,0,0,0,1,endeavor
reverend,0,0,0,1,0,0,0,reverend
contagion,0,1,1,0,0,0,0,contagion
insolvency,0,0,1,0,1,1,0,insolv
dwarfed,0,0,1,0,1,0,0,dwarf
retard,0,1,1,0,1,0,0,retard
worrying,0,0,1,0,1,0,0,worri
bum,0,1,0,0,1,0,0,bum
warlock,0,0,1,0,0,0,0,warlock
suspect,0,0,1,0,0,0,0,suspect
numbness,0,0,0,0,1,0,0,numb
attainable,0,0,0,0,0,0,1,attain
god,0,0,1,1,0,0,1,god
ordination,0,0,0,1,0,0,1,ordin
newcomer,0,0,1,0,0,1,0,newcom
vivacious,0,0,0,1,0,0,0,vivaci
anxious,0,0,1,0,0,0,0,anxiou
teach,0,0,0,1,0,1,0,teach
dispel,0,0,0,0,1,0,0,dispel
prescient,0,0,0,0,0,0,1,prescient
bless,0,0,0,1,0,0,1,bless
banquet,0,0,0,1,0,0,1,banquet
exceed,0,0,0,1,0,0,1,exceed
blob,0,1,1,0,0,0,0,blob
perilous,0,0,1,0,1,0,0,peril
theism,0,1,0,0,0,0,0,theism
trash,0,1,0,0,1,0,0,trash
hardship,0,0,0,0,1,0,0,hardship
surprisingly,0,0,0,0,0,1,0,surprisingli
outpost,0,0,1,0,0,0,0,outpost
synonymous,0,0,1,0,0,0,0,synonym
ominous,0,0,1,0,0,0,0,omin
progress,0,0,0,1,0,0,1,progress
ghostly,0,0,1,0,0,0,0,ghostli
happy,0,0,0,1,0,0,1,happi
coma,0,0,1,0,1,0,0,coma
mockery,0,1,0,0,0,0,0,mockeri
tranquil,0,0,0,1,0,0,0,tranquil
cheerful,0,0,0,1,0,1,0,cheer
buddy,0,0,0,1,0,0,1,buddi
absentee,0,0,0,0,1,0,0,absente
thirteenth,0,0,1,0,0,0,0,thirteenth
camouflaged,0,0,0,0,0,1,0,camouflag
fasting,0,0,0,0,1,0,0,fast
hallucination,0,0,1,0,0,0,0,hallucin
late,0,0,0,0,1,0,0,late
cytomegalovirus,0,0,0,0,1,0,0,cytomegaloviru
dire,0,1,1,0,1,1,0,dire
comatose,0,0,1,0,1,0,0,comatos
harmony,0,0,0,1,0,0,0,harmoni
unique,0,0,0,0,0,1,0,uniqu
chargeable,0,0,1,0,1,0,0,chargeabl
harmoniously,0,0,0,1,0,0,0,harmoni
stranger,0,0,1,0,0,0,0,stranger
omen,0,0,1,0,0,0,0,omen
parade,0,0,1,1,0,1,1,parad
judgment,0,0,0,0,0,1,0,judgment
hydra,0,0,1,0,0,0,0,hydra
frailty,0,0,0,0,1,0,0,frailti
anaconda,0,1,1,0,0,0,0,anaconda
displeasure,0,1,0,0,0,0,0,displeasur
yearning,0,0,0,1,0,0,1,yearn
degrade,0,1,0,0,0,0,0,degrad
blue,0,0,0,0,1,0,0,blue
seize,0,0,1,0,0,0,0,seiz
successful,0,0,0,1,0,0,1,success
wary,0,0,1,0,0,0,0,wari
wrinkled,0,0,0,0,1,0,0,wrinkl
witty,0,0,0,1,0,0,0,witti
neurosis,0,0,1,0,1,0,0,neurosi
rotting,0,1,0,0,0,0,0,rot
carcass,0,1,1,0,1,0,0,carcass
fanfare,0,0,0,1,0,1,1,fanfar
crocodile,0,0,1,0,0,0,0,crocodil
weighty,0,0,1,0,0,0,0,weighti
settlor,0,0,1,0,0,0,0,settlor
beware,0,0,1,0,0,0,0,bewar
flying,0,0,1,0,0,0,0,fli
shroud,0,0,0,0,1,0,0,shroud
hearing,0,0,1,0,0,0,0,hear
enthusiasm,0,0,0,1,0,1,1,enthusiasm
jest,0,0,0,1,0,1,0,jest
gob,0,1,0,0,0,0,0,gob
sorcery,0,0,1,0,0,1,0,sorceri
prevail,0,0,0,1,0,0,1,prevail
helplessness,0,0,1,0,1,0,0,helpless
faeces,0,1,0,0,0,0,0,faec
thankful,0,0,0,1,0,0,0,thank
originality,0,0,0,0,0,1,0,origin
civilized,0,0,0,1,0,0,0,civil
mistrust,0,1,1,0,0,0,0,mistrust
inflation,0,0,1,0,0,0,0,inflat
impolite,0,1,0,0,0,0,0,impolit
sanctuary,0,0,0,1,0,0,1,sanctuari
crawl,0,1,0,0,0,0,0,crawl
dreary,0,0,0,0,1,0,0,dreari
renovate,0,0,0,0,0,0,1,renov
foreboding,0,0,1,0,0,0,0,forebod
pompous,0,1,0,0,0,0,0,pompou
soot,0,1,0,0,0,0,0,soot
archaeology,0,0,0,0,0,0,1,archaeolog
overt,0,0,1,0,0,0,0,overt
consecration,0,0,0,1,1,0,1,consecr
silly,0,0,0,1,0,0,0,silli
drunken,0,1,0,0,0,0,0,drunken
prevention,0,0,0,0,0,0,1,prevent
reflux,0,1,0,0,0,0,0,reflux
exuberance,0,0,0,1,0,0,0,exuber
supporter,0,0,0,1,0,0,0,support
slip,0,0,0,0,0,1,0,slip
fret,0,0,1,0,0,0,0,fret
rehabilitation,0,0,0,0,0,0,1,rehabilit
weeds,0,0,0,0,1,0,0,weed
perfection,0,0,0,1,0,1,1,perfect
infrequent,0,0,0,0,0,1,0,infrequ
special,0,0,0,1,0,0,0,special
mercenary,0,0,1,0,0,0,0,mercenari
astray,0,0,1,0,0,0,0,astray
typhoon,0,0,1,0,0,0,0,typhoon
unknown,0,0,1,0,0,0,0,unknown
cumbersome,0,0,0,0,1,0,0,cumbersom
penance,0,0,1,0,1,0,0,penanc
plight,0,1,1,0,1,0,0,plight
cowardly,0,0,1,0,0,0,0,cowardli
victory,0,0,0,1,0,0,1,victori
stillborn,0,0,0,0,1,0,0,stillborn
occult,0,1,1,0,0,0,0,occult
simplify,0,0,0,1,0,1,1,simplifi
monster,0,0,1,0,0,0,0,monster
superstition,0,0,1,0,0,0,0,superstit
recreation,0,0,0,1,0,0,1,recreat
fool,0,1,0,0,0,0,0,fool
exalted,0,0,0,1,0,0,0,exalt
unexplained,0,0,0,0,1,0,0,unexplain
placard,0,0,0,0,0,1,0,placard
hog,0,1,0,0,0,0,0,hog
sprite,0,0,1,0,0,0,0,sprite
leisure,0,0,0,1,0,1,1,leisur
indigent,0,0,0,0,1,0,0,indig
vitality,0,0,0,1,0,0,0,vital
fraternal,0,0,0,1,0,0,0,fratern
confident,0,0,0,1,0,0,0,confid
lovely,0,0,0,1,1,1,1,love
unsteady,0,0,1,0,0,0,0,unsteadi
firstborn,0,0,0,1,0,0,1,firstborn
manure,0,1,0,0,0,0,0,manur
fortitude,0,0,0,1,0,0,0,fortitud
jolt,0,0,0,0,0,1,0,jolt
timidity,0,0,1,0,0,0,0,timid
laughter,0,0,0,1,0,1,1,laughter
urgent,0,0,1,0,0,1,0,urgent
spoiler,0,0,0,0,1,0,0,spoiler
child,0,0,0,1,0,0,1,child
stain,0,1,0,0,0,0,0,stain
acquiring,0,0,0,0,0,0,1,acquir
mortuary,0,0,1,0,1,0,0,mortuari
military,0,0,1,0,0,0,0,militari
hap,0,0,0,0,0,1,0,hap
fortune,0,0,0,1,0,1,1,fortun
gorge,0,1,0,0,0,0,0,gorg
whiteness,0,0,0,1,0,0,0,white
sensuous,0,0,0,1,0,0,0,sensuou
gratuitous,0,1,0,0,0,0,0,gratuit
broke,0,0,1,0,1,0,0,broke
muck,0,1,0,0,0,0,0,muck
beautification,0,0,0,1,0,0,0,beautif
deceased,0,0,0,0,1,0,0,deceas
shabby,0,1,0,0,0,0,0,shabbi
enema,0,1,0,0,0,0,0,enema
communion,0,0,0,1,0,0,0,communion
superstar,0,0,0,1,0,0,0,superstar
thrilling,0,0,0,1,0,1,1,thrill
rhythmical,0,0,0,1,0,1,0,rhythmic
starvation,0,0,1,0,1,0,0,starvat
intrigue,0,0,1,0,0,1,0,intrigu
ceremony,0,0,0,1,0,1,0,ceremoni
angina,0,0,1,0,0,0,0,angina
satisfied,0,0,0,1,0,0,0,satisfi
spike,0,0,1,0,0,0,0,spike
uneasiness,0,0,0,0,1,0,0,uneasi
expire,0,0,0,0,1,0,0,expir
blessed,0,0,0,1,0,0,0,bless
laugh,0,0,0,1,0,1,0,laugh
whim,0,0,0,1,0,1,1,whim
veal,0,0,0,0,1,0,0,veal
bait,0,0,1,0,0,0,0,bait
betrothed,0,0,0,1,0,0,1,betroth
soulmate,0,0,1,0,0,0,0,soulmat
encroachment,0,0,1,0,0,0,0,encroach
beauty,0,0,0,1,0,0,0,beauti
bier,0,0,1,0,1,0,0,bier
tasteless,0,1,0,0,0,0,0,tasteless
squall,0,0,1,0,1,0,0,squall
remains,0,1,1,0,0,0,0,remain
murky,0,1,0,0,1,0,0,murki
soundness,0,0,0,1,0,0,1,sound
finally,0,1,0,1,0,1,1,final
sonnet,0,0,0,1,1,0,0,sonnet
baptismal,0,0,0,1,0,0,0,baptism
pauper,0,0,0,0,1,0,0,pauper
medal,0,0,0,1,0,1,1,medal
aspiring,0,0,0,1,0,0,1,aspir
spur,0,0,1,0,0,0,0,spur
star,0,0,0,1,0,0,1,star
termination,0,0,0,0,1,0,0,termin
balm,0,0,0,1,0,0,1,balm
retrenchment,0,0,1,0,0,0,0,retrench
rubbish,0,1,0,0,0,0,0,rubbish
calf,0,0,0,1,0,0,0,calf
afraid,0,0,1,0,0,0,0,afraid
cocaine,0,0,0,0,1,0,0,cocain
atherosclerosis,0,0,1,0,1,0,0,atherosclerosi
progression,0,0,0,1,1,0,1,progress
procedure,0,0,1,0,0,0,0,procedur
malaria,0,1,1,0,1,0,0,malaria
cyst,0,0,1,0,1,0,0,cyst
hilarity,0,0,0,1,0,0,0,hilar
dangerous,0,0,1,0,0,0,0,danger
sonar,0,0,0,0,0,0,1,sonar
sunny,0,0,0,1,0,1,1,sunni
hilarious,0,0,0,1,0,1,0,hilari
fang,0,0,1,0,0,0,0,fang
luxurious,0,0,0,1,0,0,0,luxuri
exalt,0,0,0,1,0,0,1,exalt
sarcoma,0,0,1,0,1,0,0,sarcoma
pinion,0,0,1,0,0,0,0,pinion
posthumous,0,0,0,0,1,0,0,posthum
crouching,0,0,1,0,0,0,0,crouch
revel,0,0,0,1,0,0,0,revel
friend,0,0,0,1,0,0,0,friend
regularity,0,0,0,0,0,0,1,regular
exhilaration,0,0,0,1,0,1,0,exhilar
flop,0,1,0,0,1,0,0,flop
venerable,0,0,0,1,0,0,1,vener
disconnect,0,0,0,0,1,0,0,disconnect
cloudiness,0,0,1,0,0,0,0,cloudi
sewage,0,1,0,0,0,0,0,sewag
cheery,0,0,0,1,0,0,1,cheeri
unanticipated,0,0,0,0,0,1,0,unanticip
beaming,0,0,0,1,0,0,1,beam
toothache,0,0,1,0,0,0,0,toothach
avoiding,0,0,1,0,0,0,0,avoid
slimy,0,1,0,0,0,0,0,slimi
pretty,0,0,0,1,0,0,1,pretti
assessment,0,0,0,0,0,1,0,assess
interior,0,1,0,0,0,0,0,interior
perjury,0,0,1,0,0,1,0,perjuri
parachute,0,0,1,0,0,0,0,parachut
horrified,0,0,1,0,0,0,0,horrifi
soil,0,1,0,0,0,0,0,soil
sparkle,0,0,0,1,0,1,1,sparkl
validity,0,0,1,0,0,0,0,valid
alertness,0,0,1,0,0,1,1,alert
salvation,0,0,0,1,0,0,1,salvat
unsuspecting,0,0,0,0,0,1,0,unsuspect
generosity,0,0,0,1,0,1,1,generos
shank,0,0,1,0,0,0,0,shank
confidence,0,0,1,1,0,0,0,confid
puppy,0,0,0,0,0,0,1,puppi
pestilence,0,1,1,0,0,0,0,pestil
failure,0,1,1,0,1,0,0,failur
romance,0,0,1,1,1,1,1,romanc
godsend,0,0,0,1,0,1,0,godsend
bleak,0,0,0,0,1,0,0,bleak
career,0,0,0,0,0,0,1,career
blindfold,0,0,1,0,0,1,0,blindfold
electric,0,0,0,1,0,1,0,electr
reproductive,0,0,0,1,0,0,0,reproduct
lesser,0,1,0,0,0,0,0,lesser
sweat,0,0,1,0,0,0,0,sweat
cliff,0,0,1,0,0,0,0,cliff
invalid,0,0,0,0,1,0,0,invalid
corse,0,0,0,0,1,0,0,cors
bran,0,1,0,0,0,0,0,bran
deform,0,1,0,0,0,0,0,deform
hospital,0,0,1,0,1,0,0,hospit
coronation,0,0,0,1,0,0,0,coron
frayed,0,0,0,0,1,0,0,fray
variable,0,0,0,0,0,1,0,variabl
amen,0,0,0,1,0,0,0,amen
amaze,0,0,0,0,0,1,0,amaz
inferior,0,0,0,0,1,0,0,inferior
darling,0,0,0,1,0,0,0,darl
missile,0,0,1,0,0,0,0,missil
thanksgiving,0,0,0,1,0,0,0,thanksgiv
grenade,0,0,1,0,0,0,0,grenad
fortress,0,0,1,0,1,0,0,fortress
purge,0,0,1,0,0,0,0,purg
spasm,0,0,1,0,0,0,0,spasm
battlefield,0,0,1,0,0,0,0,battlefield
savor,0,1,0,1,1,0,1,savor
compensate,0,0,0,1,0,1,1,compens
frighten,0,0,1,0,1,1,0,frighten
setback,0,0,0,0,1,0,0,setback
marvelously,0,0,0,1,0,0,0,marvel
occasional,0,0,0,0,0,1,0,occasion
atrophy,0,1,1,0,1,0,0,atrophi
esteem,0,0,0,1,1,0,0,esteem
insurmountable,0,0,1,0,1,0,0,insurmount
spirits,0,0,0,1,0,1,1,spirit
sympathetic,0,0,1,1,1,0,0,sympathet
airs,0,1,0,0,0,0,0,air
bewildered,0,0,1,0,0,1,0,bewild
public,0,0,0,0,0,0,1,public
clean,0,0,0,1,0,0,0,clean
unsuccessful,0,0,0,0,1,0,0,unsuccess
bridegroom,0,0,0,1,0,0,1,bridegroom
swamp,0,1,1,0,0,0,0,swamp
strengthening,0,0,0,1,0,0,0,strengthen
wonderful,0,0,0,1,0,1,0,wonder
revival,0,0,0,1,0,0,1,reviv
top,0,0,0,0,0,0,1,top
expedient,0,0,0,1,0,0,0,expedi
salutary,0,0,0,1,0,0,0,salutari
hobby,0,0,0,1,0,0,0,hobbi
praise,0,0,0,1,0,0,0,prais
wicked,0,0,1,0,0,0,0,wick
succeeding,0,0,0,1,0,0,1,succeed
grounded,0,0,1,0,1,0,0,ground
shack,0,1,0,0,1,0,0,shack
gross,0,1,0,0,0,0,0,gross
food,0,0,0,1,0,0,0,food
musket,0,0,1,0,0,0,0,musket
louse,0,1,0,0,0,0,0,lous
government,0,0,1,0,0,0,0,govern
bonus,0,0,0,1,0,1,1,bonu
vomit,0,1,0,0,0,0,0,vomit
lyre,0,0,0,1,0,0,0,lyre
excrement,0,1,0,0,0,0,0,excrement
decay,0,0,1,0,1,0,0,decay
dynamic,0,0,0,0,0,1,0,dynam
error,0,0,0,0,1,0,0,error
insolvent,0,0,1,0,1,0,0,insolv
weariness,0,0,0,0,1,0,0,weari
beautify,0,0,0,1,0,0,0,beautifi
distaste,0,1,0,0,0,0,0,distast
fatigued,0,0,0,0,1,0,0,fatigu
heartache,0,0,0,0,1,0,0,heartach
shady,0,0,1,0,0,0,0,shadi
sepsis,0,0,1,0,1,0,0,sepsi
prepared,0,0,0,0,0,0,1,prepar
sultan,0,0,1,0,0,0,0,sultan
untie,0,0,0,1,0,0,0,unti
snag,0,0,0,0,0,1,0,snag
faith,0,0,0,1,0,0,1,faith
laughing,0,0,0,1,0,0,0,laugh
loyal,0,0,1,1,0,1,0,loyal
fire,0,0,1,0,0,0,0,fire
hardy,0,0,0,1,0,0,0,hardi
confession,0,0,1,0,1,1,0,confess
exhaustion,0,0,0,0,1,0,0,exhaust
commendable,0,0,0,1,0,0,0,commend
intoxicated,0,1,0,0,0,0,0,intox
mucous,0,1,0,0,0,0,0,mucou
unfaithful,0,1,0,0,0,0,0,unfaith
concerned,0,0,1,0,1,0,0,concern
bountiful,0,0,0,1,0,0,1,bounti
drool,0,1,0,0,0,0,0,drool
toxic,0,1,0,0,0,0,0,toxic
avoid,0,0,1,0,0,0,0,avoid
repulsion,0,1,1,0,0,0,0,repuls
ghastly,0,1,1,0,0,0,0,ghastli
sadly,0,0,0,0,1,0,0,sadli
lethargy,0,0,0,0,1,0,0,lethargi
stricken,0,0,0,0,1,0,0,stricken
heartworm,0,1,0,0,0,0,0,heartworm
petroleum,0,1,0,0,0,0,0,petroleum
horrifying,0,1,1,0,1,0,0,horrifi
adjudicate,0,0,1,0,0,0,0,adjud
hug,0,0,0,1,0,0,0,hug
mediator,0,0,0,0,0,0,1,mediat
sensational,0,0,0,1,0,0,0,sensat
slop,0,1,0,0,0,0,0,slop
guess,0,0,0,0,0,1,0,guess
reverence,0,0,0,1,0,0,0,rever
expose,0,0,1,0,0,0,0,expos
reunion,0,0,0,0,0,0,1,reunion
shame,0,1,1,0,1,0,0,shame
perishing,0,0,1,0,1,0,0,perish
apathy,0,0,0,0,1,0,0,apathi
sewerage,0,1,0,0,0,0,0,sewerag
inauguration,0,0,0,1,0,0,1,inaugur
cataract,0,0,1,0,1,0,0,cataract
disingenuous,0,1,0,0,0,0,0,disingenu
oasis,0,0,0,1,0,0,1,oasi
futile,0,0,0,0,1,0,0,futil
change,0,0,1,0,0,0,0,chang
teeming,0,1,0,0,0,0,0,teem
unseat,0,0,0,0,1,0,0,unseat
indefensible,0,0,1,0,0,0,0,indefens
present,0,0,0,1,0,1,1,present
conciliation,0,0,0,1,0,0,0,concili
surprised,0,0,0,0,0,1,0,surpris
untidy,0,1,0,0,0,0,0,untidi
doomed,0,0,1,0,1,0,0,doom
abyss,0,0,1,0,1,0,0,abyss
flatulence,0,1,0,0,0,0,0,flatul
suspicion,0,0,1,0,0,0,0,suspicion
wart,0,1,0,0,0,0,0,wart
peaceful,0,0,0,1,0,1,1,peac
quack,0,1,0,0,0,0,0,quack
cough,0,1,0,0,0,0,0,cough
triumphant,0,0,0,1,0,0,1,triumphant
bribery,0,1,0,0,0,0,0,briberi
mysterious,0,0,1,0,0,1,0,mysteri
veracity,0,0,0,1,0,1,1,verac
weight,0,1,1,1,1,1,1,weight
straits,0,0,1,0,0,0,0,strait
immerse,0,0,1,1,0,1,1,immers
rash,0,1,0,0,0,0,0,rash
septic,0,1,0,0,0,0,0,septic
heathen,0,0,1,0,0,0,0,heathen
inability,0,0,0,0,1,0,0,inabl
leer,0,1,0,0,0,0,0,leer
cripple,0,0,1,0,1,0,0,crippl
goblin,0,1,1,0,0,0,0,goblin
absence,0,0,1,0,1,0,0,absenc
triumph,0,0,0,1,0,0,1,triumph
acrobat,0,0,1,1,0,0,0,acrobat
secluded,0,0,0,0,1,0,0,seclud
hysteria,0,0,1,0,0,0,0,hysteria
martyrdom,0,0,1,0,1,0,0,martyrdom
drown,0,0,1,0,1,0,0,drown
anomaly,0,0,1,0,0,1,0,anomali
bewilderment,0,0,1,0,0,1,0,bewilder
plunge,0,0,1,0,0,0,0,plung
towering,0,0,1,0,0,0,1,tower
praised,0,0,0,1,0,0,0,prais
freely,0,0,0,1,0,0,0,freeli
carcinoma,0,0,1,0,1,0,0,carcinoma
cystic,0,1,0,0,0,0,0,cystic
beach,0,0,0,1,0,0,0,beach
virtuous,0,0,0,1,0,0,0,virtuou
cemetery,0,0,1,0,1,0,0,cemeteri
risk,0,0,1,0,0,0,0,risk
animated,0,0,0,1,0,0,0,anim
spaniel,0,0,0,1,0,0,0,spaniel
hermaphrodite,0,0,0,0,0,1,0,hermaphrodit
neighbor,0,0,0,0,0,0,1,neighbor
verdict,0,0,1,0,0,0,0,verdict
worn,0,0,0,0,1,0,0,worn
notable,0,0,0,1,0,0,0,notabl
victor,0,0,0,1,0,0,0,victor
starry,0,0,0,1,0,0,1,starri
prowl,0,0,1,0,0,1,0,prowl
zany,0,0,0,0,0,1,0,zani
swarm,0,1,0,0,0,0,0,swarm
receiving,0,0,0,1,0,1,1,receiv
gluttony,0,1,0,0,0,0,0,gluttoni
unfortunate,0,0,0,0,1,0,0,unfortun
neurotic,0,1,1,0,0,0,0,neurot
monochrome,0,1,0,0,0,0,0,monochrom
cautiously,0,0,1,0,0,0,0,cautious
romanticism,0,0,0,1,0,0,0,romantic
unsatisfactory,0,1,0,0,0,0,0,unsatisfactori
intended,0,0,0,0,0,0,1,intend
vacuous,0,1,0,0,0,0,0,vacuou
immediately,0,0,0,0,0,0,1,immedi
elusive,0,0,0,0,0,1,0,elus
diamond,0,0,0,1,0,0,0,diamond
startling,0,0,0,0,0,1,0,startl
frisky,0,0,0,1,0,1,1,friski
withstand,0,0,1,0,0,0,1,withstand
vulnerability,0,0,1,0,1,0,0,vulner
unbearable,0,1,0,0,1,0,0,unbear
foreseen,0,0,0,0,0,0,1,foreseen
unnatural,0,1,1,0,0,0,0,unnatur
neuralgia,0,0,1,0,1,0,0,neuralgia
rollicking,0,0,0,1,0,0,0,rollick
prevent,0,0,1,0,0,0,0,prevent
admiration,0,0,0,1,0,0,0,admir
thorny,0,0,1,0,0,0,0,thorni
ditty,0,0,0,1,0,0,0,ditti
untitled,0,0,0,0,1,0,0,untitl
larger,0,1,0,0,0,1,0,larger
nonsensical,0,0,0,0,1,0,0,nonsens
perfect,0,0,0,1,0,0,1,perfect
magnificence,0,0,0,1,0,0,1,magnific
worsening,0,1,0,0,1,0,0,worsen
inspire,0,0,0,1,0,0,1,inspir
loo,0,1,0,0,0,0,0,loo
ineffectual,0,1,0,0,0,0,0,ineffectu
swig,0,1,0,0,0,0,0,swig
filthy,0,1,0,0,0,0,0,filthi
friendship,0,0,0,1,0,0,0,friendship
uncanny,0,0,1,0,0,1,0,uncanni
leery,0,0,0,0,0,1,0,leeri
chasm,0,0,1,0,0,0,0,chasm
resection,0,0,1,0,0,0,0,resect
dandy,0,1,0,0,0,0,0,dandi
worried,0,0,0,0,1,0,0,worri
befriend,0,0,0,1,0,0,0,befriend
hideous,0,1,1,0,1,0,0,hideou
delighted,0,0,0,1,0,1,1,delight
loom,0,0,1,0,0,0,0,loom
diplomacy,0,0,0,0,0,0,1,diplomaci
disable,0,0,1,0,1,0,0,disabl
infertility,0,0,0,0,1,0,0,infertil
grin,0,0,0,1,0,1,1,grin
prostitution,0,1,0,0,1,0,0,prostitut
providing,0,0,0,1,0,0,1,provid
iniquity,0,1,0,0,0,0,0,iniqu
punctual,0,0,0,0,0,0,1,punctual
hermit,0,0,0,0,1,0,0,hermit
immediacy,0,0,0,0,0,1,0,immediaci
uninterested,0,0,0,0,1,0,0,uninterest
pregnancy,0,1,0,0,0,0,0,pregnanc
erotic,0,0,0,1,0,1,1,erot
fiesta,0,0,0,1,0,1,1,fiesta
moribund,0,0,0,0,1,0,0,moribund
gape,0,0,0,0,0,1,0,gape
slum,0,1,0,0,0,0,0,slum
dietary,0,0,0,0,0,0,1,dietari
collapse,0,1,1,0,1,0,0,collaps
abduction,0,0,1,0,1,1,0,abduct
felicity,0,0,0,1,0,0,0,felic
barrow,0,1,0,0,0,0,0,barrow
fearless,0,0,1,0,0,0,0,fearless
mildew,0,1,0,0,0,0,0,mildew
bridal,0,0,0,1,0,0,1,bridal
angel,0,0,0,1,0,1,1,angel
revels,0,0,0,1,0,0,0,revel
pay,0,0,0,1,0,0,1,pay
regret,0,0,0,0,1,0,0,regret
godly,0,0,0,1,0,0,0,godli
endangered,0,0,1,0,0,0,0,endang
revive,0,0,0,0,0,0,1,reviv
charitable,0,0,0,1,0,0,1,charit
risky,0,0,1,0,0,0,0,riski
hydrocephalus,0,1,1,0,1,0,0,hydrocephalu
smiling,0,0,0,1,0,0,0,smile
dull,0,0,0,0,1,0,0,dull
camouflage,0,0,0,0,0,1,0,camouflag
sorrow,0,0,1,0,1,0,0,sorrow
discolored,0,1,0,0,1,0,0,discolor
merciless,0,0,1,0,0,0,0,merciless
closure,0,0,0,1,1,0,1,closur
proficiency,0,0,0,1,0,1,1,profici
possess,0,0,0,1,0,0,1,poss
grow,0,0,0,1,0,0,1,grow
melee,0,0,1,0,0,0,0,mele
hindering,0,0,0,0,1,0,0,hinder
apparition,0,0,1,0,0,1,0,apparit
bridesmaid,0,0,0,1,0,0,0,bridesmaid
prosper,0,0,0,1,0,0,1,prosper
orgasm,0,0,0,1,0,0,1,orgasm
forgotten,0,0,1,0,1,0,0,forgotten
compassion,0,0,1,0,0,0,0,compass
playhouse,0,0,0,1,0,0,0,playhous
cuddle,0,0,0,1,0,0,0,cuddl
stalk,0,0,1,0,0,0,0,stalk
ecstasy,0,0,0,1,0,0,1,ecstasi
tribunal,0,1,1,0,0,0,0,tribun
epitaph,0,0,0,0,1,0,0,epitaph
disembodied,0,0,1,0,1,0,0,disembodi
prestige,0,0,0,1,0,0,0,prestig
approve,0,0,0,1,0,0,0,approv
vision,0,0,0,0,0,0,1,vision
admirable,0,0,0,1,0,0,0,admir
forefathers,0,0,0,1,0,0,0,forefath
splitting,0,0,0,0,1,0,0,split
ravine,0,0,1,0,0,0,0,ravin
maternal,0,0,0,0,0,0,1,matern
bonanza,0,0,0,1,0,0,0,bonanza
doll,0,0,0,1,0,0,0,doll
wild,0,0,0,0,0,1,0,wild
aghast,0,1,1,0,0,1,0,aghast
success,0,0,0,1,0,0,1,success
ambition,0,0,0,1,0,0,1,ambit
scholarship,0,0,0,1,0,0,0,scholarship
handicap,0,0,0,0,1,0,0,handicap
accomplish,0,0,0,1,0,0,0,accomplish
policeman,0,0,1,0,0,0,0,policeman
crash,0,0,1,0,1,1,0,crash
afflict,0,0,1,0,1,0,0,afflict
irrational,0,1,1,0,0,0,0,irrat
drugged,0,0,0,0,1,0,0,drug
enthusiast,0,0,0,1,0,1,1,enthusiast
fain,0,0,0,1,0,0,1,fain
infant,0,0,1,1,0,1,1,infant
sprain,0,0,0,0,1,0,0,sprain
grotesque,0,1,0,0,0,0,0,grotesqu
materialist,0,1,0,0,0,0,0,materialist
aching,0,0,0,0,1,0,0,ach
scarce,0,0,1,0,1,0,0,scarc
topple,0,0,0,0,0,1,0,toppl
engaging,0,0,0,1,0,0,0,engag
blunder,0,1,0,0,1,0,0,blunder
darkened,0,0,1,0,1,0,0,darken
happiness,0,0,0,1,0,0,1,happi
dike,0,0,1,0,0,0,0,dike
synchronize,0,0,0,1,0,1,1,synchron
swerve,0,0,1,0,0,1,0,swerv
overload,0,0,0,0,1,0,0,overload
respite,0,0,0,1,0,0,0,respit
fainting,0,0,1,0,1,1,0,faint
miracle,0,0,0,1,0,1,1,miracl
evasion,0,0,1,0,1,0,0,evas
obligor,0,0,1,0,0,0,0,obligor
unwashed,0,1,0,0,0,0,0,unwash
critter,0,1,0,0,0,0,0,critter
freakish,0,1,1,0,0,1,0,freakish
emancipation,0,0,0,1,0,0,1,emancip
hairy,0,1,0,0,0,0,0,hairi
quest,0,0,0,0,0,0,1,quest
rumor,0,0,0,0,1,0,0,rumor
oracle,0,0,0,0,0,0,1,oracl
ashes,0,0,0,0,1,0,0,ash
goodness,0,0,0,1,0,1,1,good
joyful,0,0,0,1,0,0,0,joy
flu,0,0,1,0,0,0,0,flu
felon,0,0,1,0,0,0,0,felon
friendliness,0,0,0,1,0,0,0,friendli
deluge,0,0,1,0,1,1,0,delug
interrogation,0,0,1,0,0,0,0,interrog
flabby,0,1,0,0,0,0,0,flabbi
appreciation,0,0,0,1,0,0,0,appreci
grant,0,0,0,1,0,0,1,grant
kiss,0,0,0,1,0,1,1,kiss
sufferer,0,0,1,0,1,0,0,suffer
haunted,0,0,1,0,1,0,0,haunt
lesson,0,0,0,0,0,0,1,lesson
posse,0,0,1,0,0,0,0,poss
brothel,0,1,0,0,0,0,0,brothel
sweetheart,0,0,0,1,1,0,1,sweetheart
advance,0,0,1,1,0,1,1,advanc
woe,0,1,1,0,1,0,0,woe
mishap,0,1,1,0,1,1,0,mishap
scrimmage,0,0,0,0,0,1,0,scrimmag
contagious,0,1,1,0,0,0,0,contagi
loving,0,0,0,1,0,0,0,love
procession,0,0,0,1,1,1,0,process
repent,0,0,1,0,0,0,0,repent
distasteful,0,1,0,0,0,0,0,distast
changeable,0,0,0,0,0,1,0,changeabl
tranquility,0,0,0,1,0,0,0,tranquil
glee,0,0,0,1,0,0,0,glee
cyanide,0,0,1,0,0,0,0,cyanid
improvement,0,0,0,1,0,0,0,improv
buss,0,0,0,1,0,0,0,bu
perished,0,0,0,0,1,0,0,perish
gratitude,0,0,0,1,0,0,0,gratitud
destitute,0,0,1,0,1,0,0,destitut
gullible,0,0,0,0,1,0,0,gullibl
arsenic,0,1,1,0,1,0,0,arsen
quote,0,0,0,0,0,1,1,quot
apprehension,0,0,1,0,0,0,0,apprehens
robber,0,1,1,0,0,0,0,robber
vivid,0,0,0,1,0,0,0,vivid
uphill,0,0,1,0,0,0,1,uphil
descent,0,0,1,0,1,0,0,descent
forsake,0,0,0,0,1,0,0,forsak
obituary,0,0,0,0,1,0,0,obituari
abundance,0,1,0,1,0,0,1,abund
giant,0,0,1,0,0,0,0,giant
lover,0,0,0,1,0,0,1,lover
familiarity,0,0,0,1,0,0,1,familiar
apache,0,0,1,0,0,0,0,apach
elite,0,0,0,1,0,0,1,elit
furrow,0,0,0,0,1,0,0,furrow
sensuality,0,0,0,1,0,0,1,sensual
saint,0,0,0,1,0,1,1,saint
generous,0,0,0,1,0,0,0,gener
aberration,0,1,0,0,0,0,0,aberr
frigate,0,0,1,0,0,0,0,frigat
winner,0,0,0,1,0,1,1,winner
glorify,0,0,0,1,0,1,1,glorifi
case,0,0,1,0,1,0,0,case
slime,0,1,0,0,0,0,0,slime
errand,0,0,0,0,0,0,1,errand
improve,0,0,0,1,0,0,1,improv
kindred,0,0,0,1,0,0,1,kindr
laughable,0,1,0,0,0,0,0,laughabl
nervous,0,0,1,0,0,0,0,nervou
condolence,0,0,0,0,1,0,0,condol
fell,0,0,0,0,1,0,0,fell
helmet,0,0,1,0,0,0,0,helmet
preservative,0,0,0,1,0,1,1,preserv
victorious,0,0,0,1,0,0,0,victori
jarring,0,0,1,0,1,0,0,jar
gelatin,0,1,0,0,0,0,0,gelatin
bounty,0,0,0,1,0,0,1,bounti
favorable,0,0,0,1,0,1,1,favor
mucus,0,1,0,0,0,0,0,mucu
liar,0,1,0,0,0,0,0,liar
sob,0,0,0,0,1,0,0,sob
scrub,0,1,0,0,0,0,0,scrub
jump,0,0,0,1,0,0,0,jump
cannibalism,0,1,0,0,0,0,0,cannib
magical,0,0,0,1,0,1,1,magic
garbage,0,1,0,0,0,0,0,garbag
obit,0,0,0,0,1,1,0,obit
established,0,0,0,1,0,0,0,establish
relics,0,0,0,0,1,0,0,relic
roadster,0,0,0,1,0,0,0,roadster
steady,0,0,0,0,0,1,0,steadi
praiseworthy,0,0,0,1,0,1,1,praiseworthi
inconsequential,0,0,0,0,1,0,0,inconsequenti
police,0,0,1,0,0,0,0,polic
eel,0,0,1,0,0,0,0,eel
joker,0,0,0,1,0,1,0,joker
inspired,0,0,0,1,0,1,0,inspir
expectation,0,0,0,0,0,0,1,expect
completion,0,0,0,1,0,0,1,complet
endemic,0,1,1,0,1,0,0,endem
arid,0,0,0,0,1,0,0,arid
sacrifices,0,1,1,0,1,0,0,sacrific
passion,0,0,0,1,0,0,1,passion
trump,0,0,0,0,0,1,0,trump
cult,0,0,1,0,0,0,0,cult
convince,0,0,0,0,0,0,1,convinc
exhausted,0,0,0,0,1,0,0,exhaust
heavens,0,0,0,1,0,0,0,heaven
gulp,0,0,1,0,0,1,0,gulp
fragile,0,0,1,0,1,0,0,fragil
biopsy,0,0,1,0,0,0,0,biopsi
fraught,0,0,1,0,1,0,0,fraught
disabled,0,0,1,0,1,0,0,disabl
toast,0,0,0,1,0,0,0,toast
grandchildren,0,0,0,1,0,0,1,grandchild
cheer,0,0,0,1,0,1,1,cheer
homesick,0,0,0,0,1,0,0,homesick
proud,0,0,0,1,0,0,1,proud
whimper,0,0,1,0,1,0,0,whimper
blighted,0,1,0,0,1,0,0,blight
meltdown,0,0,0,0,1,0,0,meltdown
whine,0,1,0,0,1,0,0,whine
haze,0,0,1,0,0,0,0,haze
infection,0,0,1,0,0,0,0,infect
visor,0,0,0,0,0,1,0,visor
evergreen,0,0,0,1,0,0,0,evergreen
screech,0,0,1,0,0,1,0,screech
embarrassment,0,0,1,0,1,1,0,embarrass
decompose,0,1,0,0,0,0,0,decompos
splash,0,0,0,0,0,1,0,splash
jubilee,0,0,0,1,0,1,0,jubile
dance,0,0,0,1,0,0,0,danc
gratify,0,0,0,1,0,1,0,gratifi
unprecedented,0,0,0,0,0,1,0,unpreced
labor,0,0,0,1,0,1,1,labor
playground,0,0,0,1,0,1,1,playground
aspiration,0,0,0,1,0,1,1,aspir
cowardice,0,0,1,0,0,0,0,cowardic
crowning,0,0,0,1,0,1,1,crown
sweet,0,0,0,1,0,1,1,sweet
saturated,0,1,0,0,0,0,0,satur
manifestation,0,0,1,0,0,0,0,manifest
samurai,0,0,1,0,0,0,0,samurai
obesity,0,1,0,0,1,0,0,obes
sally,0,0,0,0,0,1,0,salli
wildfire,0,0,1,0,1,1,0,wildfir
surprising,0,0,0,0,0,1,0,surpris
stealth,0,0,0,0,0,1,0,stealth
crypt,0,0,1,0,1,0,0,crypt
romp,0,0,0,1,0,0,0,romp
undoubted,0,1,0,0,0,0,0,undoubt
pointless,0,0,0,0,1,0,0,pointless
optimism,0,0,0,1,0,1,1,optim
taboo,0,1,1,0,0,0,0,taboo
completing,0,0,0,1,0,0,1,complet
crippled,0,0,0,0,1,0,0,crippl
glorification,0,0,0,1,0,0,0,glorif
cutter,0,0,1,0,0,0,0,cutter
omnipotence,0,0,1,0,0,0,0,omnipot
laurels,0,0,0,1,0,0,0,laurel
university,0,0,0,0,0,0,1,univers
stunned,0,0,1,0,0,1,0,stun
heartfelt,0,0,0,1,1,0,0,heartfelt
lowest,0,0,0,0,1,0,0,lowest
sour,0,1,0,0,0,0,0,sour
geriatric,0,0,0,0,1,0,0,geriatr
holiday,0,0,0,1,0,0,1,holiday
recreational,0,0,0,1,0,0,1,recreat
impeach,0,1,1,0,0,0,0,impeach
bondage,0,0,1,0,1,0,0,bondag
auspicious,0,0,0,1,0,0,1,auspici
eagerness,0,0,0,1,0,0,1,eager
indomitable,0,0,1,0,0,0,0,indomit
vigilant,0,0,1,0,0,0,0,vigil
rapture,0,0,0,1,0,0,1,raptur
armor,0,0,1,0,0,0,0,armor
opportune,0,0,0,1,0,0,0,opportun
hedonism,0,0,0,1,0,0,0,hedon
crude,0,1,0,0,0,0,0,crude
sortie,0,0,1,0,0,0,0,sorti
nauseous,0,1,0,0,1,0,0,nauseou
bale,0,0,1,0,0,0,0,bale
infamy,0,0,0,0,1,0,0,infami
marriage,0,0,0,1,0,0,1,marriag
symphony,0,0,0,1,0,0,1,symphoni
termite,0,1,0,0,0,0,0,termit
donkey,0,1,0,0,0,0,0,donkey
incident,0,0,0,0,0,1,0,incid
anthrax,0,1,1,0,1,0,0,anthrax
accolade,0,0,0,1,0,1,1,accolad
nap,0,0,0,1,0,0,0,nap
unattractive,0,1,0,0,1,0,0,unattract
decomposed,0,0,0,0,1,0,0,decompos
prophet,0,0,0,0,0,0,1,prophet
endanger,0,0,1,0,0,0,0,endang
janitor,0,1,0,0,0,0,0,janitor
miraculous,0,0,0,1,0,1,0,miracul
spit,0,1,0,0,0,0,0,spit
negro,0,0,0,0,1,0,0,negro
runaway,0,0,0,0,1,0,0,runaway
subordinate,0,0,1,0,0,0,0,subordin
diminish,0,0,0,0,1,0,0,diminish
exclusion,0,1,1,0,1,0,0,exclus
knell,0,0,1,0,1,0,0,knell
organization,0,0,0,1,0,1,1,organ
gash,0,0,1,0,0,0,0,gash
tragedy,0,0,1,0,1,0,0,tragedi
unexpectedly,0,0,0,0,0,1,0,unexpectedli
pride,0,0,0,1,0,0,0,pride
glut,0,1,0,0,0,0,0,glut
toilet,0,1,0,0,0,0,0,toilet
tetanus,0,1,0,0,0,0,0,tetanu
dutiful,0,0,0,0,0,0,1,duti
dentistry,0,0,1,0,0,0,0,dentistri
sag,0,0,1,0,0,0,0,sag
embarrass,0,0,0,0,1,0,0,embarrass
grimy,0,1,0,0,0,0,0,grimi
love,0,0,0,1,0,0,0,love
larceny,0,1,0,0,0,0,0,larceni
overthrow,0,0,1,0,0,0,0,overthrow
brilliant,0,0,0,1,0,0,1,brilliant
hypocrite,0,1,0,0,0,0,0,hypocrit
melancholy,0,0,0,0,1,0,0,melancholi
wages,0,0,0,1,0,0,0,wage
incrimination,0,0,1,0,1,0,0,incrimin
demise,0,0,1,0,1,0,0,demis
plummet,0,0,1,0,0,0,0,plummet
penal,0,0,1,0,1,0,0,penal
undying,0,0,0,1,1,0,1,undi
compost,0,1,0,0,0,0,0,compost
picturesque,0,0,0,1,0,0,0,picturesqu
gambler,0,0,0,0,0,1,0,gambler
shameless,0,1,0,0,0,0,0,shameless
gorgeous,0,0,0,1,0,0,0,gorgeou
pig,0,1,0,0,0,0,0,pig
cheering,0,0,0,1,0,0,0,cheer
amicable,0,0,0,1,0,0,0,amic
blitz,0,0,0,0,0,1,0,blitz
relapse,0,0,1,0,1,0,0,relaps
longing,0,0,0,0,1,0,0,long
serpent,0,1,1,0,0,0,0,serpent
intestinal,0,1,0,0,0,0,0,intestin
seriousness,0,0,1,0,1,0,0,serious
masterpiece,0,0,0,1,0,0,0,masterpiec
lord,0,1,0,0,0,0,0,lord
withdraw,0,0,0,0,1,0,0,withdraw
probation,0,0,1,0,1,0,0,probat
defeated,0,0,0,0,1,0,0,defeat
buzz,0,0,1,0,0,0,1,buzz
coward,0,1,1,0,1,0,0,coward
herpesvirus,0,1,0,0,0,0,0,herpesviru
dawn,0,0,0,1,0,1,1,dawn
guerilla,0,0,1,0,0,0,0,guerilla
buck,0,0,1,0,0,1,0,buck
exaltation,0,0,0,1,0,0,0,exalt
blackness,0,0,1,0,1,0,0,black
defamation,0,1,1,0,0,0,0,defam
constipation,0,1,0,0,0,0,0,constip
pessimist,0,0,1,0,1,0,0,pessimist
palpable,0,0,0,0,0,1,0,palpabl
remedy,0,0,0,1,0,0,1,remedi
rags,0,1,0,0,0,0,0,rag
parting,0,0,0,0,1,0,0,part
seizure,0,0,1,0,0,0,0,seizur
disintegrate,0,1,1,0,0,0,0,disintegr
drivel,0,1,0,0,0,0,0,drivel
bug,0,1,1,0,0,0,0,bug
bureaucrat,0,1,0,0,0,0,0,bureaucrat
astonishment,0,0,0,1,0,1,0,astonish
worm,0,0,0,0,0,1,0,worm
outdo,0,0,0,0,0,0,1,outdo
incestuous,0,1,0,0,0,0,0,incestu
faithless,0,0,0,0,1,0,0,faithless
lemon,0,1,0,0,0,0,0,lemon
gaby,0,1,0,0,0,0,0,gabi
pious,0,1,0,0,1,0,0,piou
requiem,0,0,0,0,1,0,0,requiem
pleasurable,0,0,0,1,0,0,0,pleasur
gem,0,0,0,1,0,0,0,gem
widow,0,0,0,0,1,0,0,widow
practiced,0,0,0,1,0,1,0,practic
spouse,0,0,0,1,0,0,0,spous
chronic,0,0,0,0,1,0,0,chronic
interrogate,0,0,1,0,0,0,0,interrog
loon,0,1,0,0,0,0,0,loon
disheartened,0,0,0,0,1,0,0,dishearten
promise,0,0,0,1,0,0,0,promis
reconstruction,0,0,0,0,0,0,1,reconstruct
divergent,0,0,0,0,0,1,0,diverg
affluence,0,0,0,1,0,0,0,affluenc
beastly,0,1,1,0,0,0,0,beastli
evacuate,0,0,1,0,0,0,0,evacu
obtainable,0,0,0,1,0,0,0,obtain
ignorant,0,1,0,0,0,0,0,ignor
riddle,0,0,0,0,0,1,0,riddl
jail,0,0,1,0,1,0,0,jail
graduation,0,0,1,1,0,1,1,graduat
bottomless,0,0,1,0,0,0,0,bottomless
jovial,0,0,0,1,0,0,0,jovial
servile,0,1,1,0,1,0,0,servil
suspense,0,0,1,0,0,1,0,suspens
problem,0,0,1,0,1,0,0,problem
abortive,0,0,0,0,1,0,0,abort
merriment,0,0,0,1,0,1,0,merriment
ghetto,0,1,1,0,1,0,0,ghetto
barbarian,0,0,1,0,0,0,0,barbarian
shaking,0,0,1,0,0,0,0,shake
cautious,0,0,1,0,0,0,1,cautiou
polarity,0,0,0,0,0,1,0,polar
quivering,0,0,1,0,0,0,0,quiver
beautiful,0,0,0,1,0,0,0,beauti
plagiarism,0,1,0,0,0,0,0,plagiar
splendid,0,0,0,1,0,1,0,splendid
cabal,0,0,1,0,0,0,0,cabal
swampy,0,1,1,0,0,0,0,swampi
chagrin,0,1,0,0,1,0,0,chagrin
nab,0,0,0,0,0,1,0,nab
differently,0,0,0,0,0,1,0,differ
motherhood,0,0,0,1,0,0,0,motherhood
unmanageable,0,1,0,0,0,0,0,unmanag
uninspired,0,0,0,0,1,0,0,uninspir
hunter,0,0,1,0,1,0,0,hunter
alive,0,0,0,1,0,0,1,aliv
subjected,0,0,0,0,1,0,0,subject
premature,0,0,0,0,0,1,0,prematur
puke,0,1,0,0,0,0,0,puke
demoralized,0,0,1,0,1,0,0,demor
randomly,0,0,0,0,0,1,0,randomli
bomber,0,0,1,0,1,0,0,bomber
noose,0,0,0,0,1,0,0,noos
ache,0,0,0,0,1,0,0,ach
climax,0,0,0,1,0,1,1,climax
listless,0,0,0,0,1,0,0,listless
germ,0,1,0,0,0,0,0,germ
conspiracy,0,0,1,0,0,0,0,conspiraci
halting,0,0,1,0,1,0,0,halt
misrepresentation,0,0,0,0,1,0,0,misrepresent
siren,0,0,1,0,0,0,0,siren
dementia,0,0,1,0,1,0,0,dementia
pathetic,0,1,0,0,1,0,0,pathet
lower,0,0,0,0,1,0,0,lower
gasping,0,0,1,0,0,0,0,gasp
suspension,0,0,1,0,0,0,0,suspens
outhouse,0,1,0,0,0,0,0,outhous
foresight,0,0,0,0,0,0,1,foresight
hobo,0,0,0,0,1,0,0,hobo
lamb,0,0,0,1,0,0,0,lamb
enigmatic,0,0,1,0,0,0,0,enigmat
mystic,0,0,0,0,0,1,0,mystic
hangman,0,0,1,0,0,0,0,hangman
nutritious,0,0,0,0,1,0,0,nutriti
rat,0,1,1,0,0,0,0,rat
trophy,0,0,0,1,0,1,1,trophi
egotistical,0,1,0,0,0,0,0,egotist
subsidence,0,0,0,0,1,0,0,subsid
spurious,0,1,0,0,0,0,0,spuriou
diversion,0,0,0,0,0,1,0,divers
lion,0,0,1,0,0,0,0,lion
fruitless,0,0,0,0,1,0,0,fruitless
income,0,0,0,1,1,0,1,incom
cheerfulness,0,0,0,1,0,0,1,cheer
undertaker,0,0,0,0,1,0,0,undertak
predilection,0,0,0,0,0,0,1,predilect
content,0,0,0,1,0,0,0,content
clouded,0,0,0,0,1,0,0,cloud
mouth,0,0,0,0,0,1,0,mouth
hypocritical,0,1,0,0,0,0,0,hypocrit
dagger,0,0,1,0,0,0,0,dagger
rekindle,0,0,1,1,0,1,1,rekindl
remorse,0,0,0,0,1,0,0,remors
whore,0,1,0,0,0,0,0,whore
woefully,0,1,0,0,1,0,0,woefulli
moan,0,0,1,0,1,0,0,moan
apprehensive,0,0,1,0,0,0,0,apprehens
nightmare,0,0,1,0,0,0,0,nightmar
sickness,0,1,1,0,1,0,0,sick
deal,0,0,0,1,0,1,1,deal
infinity,0,0,0,1,0,0,1,infin
fun,0,0,0,1,0,0,1,fun
burdensome,0,0,1,0,1,0,0,burdensom
heroism,0,0,0,1,0,1,1,heroism
obey,0,0,1,0,0,0,0,obey
tramp,0,1,1,0,1,0,0,tramp
examination,0,0,1,0,0,1,0,examin
outsider,0,0,1,0,0,0,0,outsid
production,0,0,0,0,0,0,1,product
ogre,0,1,1,0,0,0,0,ogr
freedom,0,0,0,1,0,0,0,freedom
hemorrhage,0,1,1,0,1,0,0,hemorrhag
gift,0,0,0,1,0,1,1,gift
complement,0,0,0,1,0,1,1,complement
terrific,0,0,0,0,1,0,0,terrif
blindness,0,0,0,0,1,0,0,blind
grime,0,1,0,0,0,0,0,grime
filth,0,1,0,0,0,0,0,filth
unpopular,0,1,0,0,1,0,0,unpopular
burlesque,0,0,0,0,0,1,0,burlesqu
polygamy,0,1,0,0,0,0,0,polygami
excavation,0,0,0,0,0,1,0,excav
amphetamines,0,1,0,0,0,0,0,amphetamin
fangs,0,0,1,0,0,0,0,fang
accompaniment,0,0,0,1,0,0,1,accompani
mafia,0,0,1,0,0,0,0,mafia
kitten,0,0,0,1,0,0,0,kitten
mutable,0,0,0,0,0,0,1,mutabl
unsightly,0,1,0,0,0,0,0,unsightli
unable,0,0,0,0,1,0,0,unabl
discontinuity,0,1,1,0,1,0,0,discontinu
delirious,0,0,0,0,1,0,0,deliri
autopsy,0,1,1,0,1,0,0,autopsi
sudden,0,0,0,0,0,1,0,sudden
elegant,0,0,0,1,0,0,0,eleg
dishonesty,0,1,0,0,0,0,0,dishonesti
lush,0,1,0,0,1,0,0,lush
bizarre,0,0,0,0,0,1,0,bizarr
sorrowful,0,0,0,0,1,0,0,sorrow
startle,0,0,1,0,0,1,0,startl
thriving,0,0,0,1,0,0,1,thrive
musty,0,1,0,0,0,0,0,musti
hurricane,0,0,1,0,0,0,0,hurrican
tribulation,0,0,1,0,1,0,0,tribul
congratulatory,0,0,0,1,0,0,0,congratulatori
underestimate,0,0,0,0,0,1,0,underestim
unwell,0,0,0,0,1,0,0,unwel
serenity,0,0,0,1,0,0,1,seren
correspondence,0,0,0,0,0,0,1,correspond
purr,0,0,0,1,0,0,0,purr
antidote,0,0,0,0,0,0,1,antidot
refused,0,0,0,0,1,0,0,refus
stretcher,0,0,1,0,1,0,0,stretcher
purity,0,0,0,0,0,1,0,puriti
radiance,0,0,0,1,0,0,1,radianc
frantic,0,1,1,0,0,1,0,frantic
closeness,0,0,0,1,0,0,0,close
snare,0,0,1,0,0,0,0,snare
distraught,0,0,0,0,1,0,0,distraught
conservation,0,0,0,0,0,0,1,conserv
emptiness,0,0,0,0,1,0,0,empti
sweets,0,0,0,1,0,0,1,sweet
lines,0,0,1,0,0,0,0,line
alarm,0,0,1,0,0,1,0,alarm
tenderness,0,0,0,1,0,0,0,tender
saintly,0,0,0,1,0,1,1,saintli
console,0,0,0,0,1,0,0,consol
tinsel,0,0,0,1,0,0,0,tinsel
helpless,0,0,1,0,1,0,0,helpless
vernal,0,0,0,1,0,0,0,vernal
intervention,0,0,0,0,1,0,0,intervent
demonstrative,0,0,0,1,1,0,0,demonstr
lamenting,0,0,0,0,1,0,0,lament
scalpel,0,0,1,0,0,0,0,scalpel
excretion,0,1,0,0,0,0,0,excret
erratic,0,0,0,0,0,1,0,errat
speck,0,1,0,0,0,0,0,speck
frightened,0,0,1,0,0,1,0,frighten
magnificent,0,0,0,1,0,1,1,magnific
vegetative,0,1,0,0,1,0,0,veget
brotherly,0,0,0,1,0,0,1,brotherli
quash,0,0,1,0,0,0,0,quash
warned,0,0,1,0,0,1,0,warn
subito,0,0,0,0,0,1,0,subito
incursion,0,0,1,0,0,0,0,incurs
sun,0,0,0,1,0,1,1,sun
quiet,0,0,0,0,1,0,0,quiet
forewarned,0,0,1,0,0,0,0,forewarn
barf,0,1,0,0,0,0,0,barf
flood,0,0,1,0,0,0,0,flood
zeal,0,0,0,1,0,1,1,zeal
behemoth,0,0,1,0,0,0,0,behemoth
treasure,0,0,0,1,0,0,1,treasur
clap,0,0,0,1,0,0,1,clap
prank,0,0,0,0,0,1,0,prank
falter,0,0,1,0,0,0,0,falter
hulk,0,1,0,0,0,0,0,hulk
baby,0,0,0,1,0,0,0,babi
surgery,0,0,1,0,1,0,0,surgeri
healthful,0,0,0,1,0,0,0,health
precarious,0,0,1,0,1,0,0,precari
bride,0,0,0,1,0,0,1,bride
depart,0,0,0,0,1,0,0,depart
stall,0,1,0,0,0,0,0,stall
dirty,0,1,0,0,0,0,0,dirti
pray,0,0,1,1,0,1,1,pray
dolor,0,0,0,0,1,0,0,dolor
plea,0,0,1,0,1,0,0,plea
garden,0,0,0,1,0,0,0,garden
mace,0,0,1,0,0,0,0,mace
dung,0,1,0,0,0,0,0,dung
surround,0,0,0,0,0,0,1,surround
fatty,0,1,0,0,1,0,0,fatti
quagmire,0,1,0,0,0,0,0,quagmir
pungent,0,1,0,0,0,0,0,pungent
slush,0,1,0,0,0,1,0,slush
stroke,0,0,1,0,1,0,0,stroke
surrendering,0,0,0,0,1,0,0,surrend
weirdo,0,0,1,0,0,0,0,weirdo
maggot,0,1,0,0,0,0,0,maggot
massage,0,0,0,1,0,0,0,massag
humanity,0,0,0,1,0,0,0,human
discipline,0,0,1,0,0,0,0,disciplin
highest,0,0,1,1,0,1,1,highest
readiness,0,0,0,1,0,0,1,readi
prognosis,0,0,1,0,0,0,0,prognosi
defenseless,0,0,1,0,1,0,0,defenseless
gutter,0,1,0,0,0,0,0,gutter
bastard,0,1,0,0,1,0,0,bastard
surprise,0,0,1,1,0,1,0,surpris
greatness,0,0,0,1,0,1,0,great
bunker,0,0,1,0,0,0,0,bunker
unconscionable,0,1,0,0,0,0,0,unconscion
luscious,0,0,0,1,0,0,1,lusciou
strategist,0,0,0,0,0,0,1,strategist
giggle,0,0,0,1,0,0,0,giggl
infarct,0,0,1,0,0,1,0,infarct
heartless,0,0,0,0,1,0,0,heartless
passionate,0,0,0,1,0,0,1,passion
departure,0,0,0,0,1,0,0,departur
aga,0,0,1,0,0,0,0,aga
kudos,0,0,0,1,0,0,0,kudo
polio,0,0,1,0,1,0,0,polio
warning,0,0,1,0,0,0,0,warn
unconstrained,0,0,0,1,0,0,0,unconstrain
meritorious,0,0,0,1,0,0,0,meritori
dirt,0,1,0,0,0,0,0,dirt
inspiration,0,0,0,1,0,0,1,inspir
destination,0,0,1,1,1,1,1,destin
exigent,0,1,1,0,0,1,0,exig
bestial,0,1,1,0,0,0,0,bestial
ooze,0,1,0,0,0,0,0,ooz
elegance,0,0,0,1,0,0,1,eleg
deliverance,0,0,0,1,0,0,1,deliver
reconstruct,0,0,0,0,0,0,1,reconstruct
gray,0,1,0,0,1,0,0,gray
panic,0,0,1,0,0,0,0,panic
iris,0,0,1,0,0,0,0,iri
joyous,0,0,0,1,0,0,0,joyou
sty,0,1,0,0,0,0,0,sti
taint,0,0,0,0,1,0,0,taint
develop,0,0,0,0,0,0,1,develop
mimicry,0,0,0,0,0,1,0,mimicri
marrow,0,0,0,1,0,0,0,marrow
overjoyed,0,0,0,1,0,0,0,overjoy
foresee,0,0,0,0,0,1,1,forese
carnivorous,0,0,1,0,0,0,0,carnivor
prepare,0,0,0,0,0,0,1,prepar
encourage,0,0,0,1,0,0,0,encourag
companion,0,0,0,1,0,0,0,companion
heighten,0,0,1,0,0,0,0,heighten
tactics,0,0,1,0,0,0,0,tactic
soothing,0,0,0,1,0,0,0,sooth
unhealthy,0,1,1,0,1,0,0,unhealthi
edict,0,0,1,0,0,0,0,edict
dispassionate,0,0,0,0,1,0,0,dispassion
avoidance,0,0,1,0,0,0,0,avoid
xenophobia,0,0,1,0,0,0,0,xenophobia
snake,0,1,1,0,0,0,0,snake
speculation,0,0,1,0,1,0,0,specul
improvise,0,0,0,0,0,1,1,improvis
allure,0,0,0,1,0,1,1,allur
john,0,1,0,0,0,0,0,john
embolism,0,0,1,0,1,0,0,embol
absolution,0,0,0,1,0,0,0,absolut
surveillance,0,0,1,0,0,0,0,surveil
pneumonia,0,0,1,0,0,0,0,pneumonia
continue,0,0,0,0,0,0,1,continu
cautionary,0,0,1,0,0,0,0,cautionari
create,0,0,0,1,0,0,0,creat
alarming,0,0,1,0,0,1,0,alarm
watch,0,0,1,0,0,0,0,watch
tickle,0,0,0,1,0,1,1,tickl
bleeding,0,1,1,0,1,0,0,bleed
radiant,0,0,0,1,0,0,0,radiant
chicken,0,0,1,0,0,0,0,chicken
glimmer,0,0,0,1,0,1,1,glimmer
brigade,0,0,1,0,0,0,0,brigad
humorous,0,0,0,1,0,0,0,humor
