,anger,disgust,fear,joy,sadness,surprise,hope
abandon,1,0,1,0,1,1,0
abduct,0,0,1,0,1,1,0
aberr,0,1,0,0,0,0,0
abhor,1,1,1,0,0,0,0
abhorr,1,1,1,0,0,0,0
abject,0,1,0,0,0,0,0
abnorm,0,1,0,0,0,0,0
abolish,1,0,0,0,0,0,0
abomin,1,1,1,0,0,0,0
abort,0,1,1,0,1,0,0
abrupt,0,0,0,0,0,1,0
abscess,0,0,0,0,1,0,0
absenc,0,0,1,0,1,0,0
absent,0,0,0,0,1,0,0
absente,0,0,0,0,1,0,0
absolut,0,0,0,1,0,0,0
abund,0,1,0,1,0,0,1
abus,1,1,1,0,1,0,0
abysm,0,0,0,0,1,0,0
abyss,0,0,1,0,1,0,0
accid,0,0,1,0,1,1,0
accident,0,0,1,0,0,1,0
accolad,0,0,0,1,0,1,1
accompani,0,0,0,1,0,0,0
accomplish,0,0,0,1,0,0,0
accurs,1,0,1,0,1,0,0
accus,1,1,1,0,0,0,0
ach,0,0,0,0,1,0,0
achiev,0,0,0,1,0,0,1
acrobat,0,0,1,1,0,0,0
action,1,1,0,0,0,0,0
adder,1,1,1,0,1,0,0
adjud,0,0,1,0,0,0,0
admir,0,0,0,1,0,0,0
admonit,0,0,1,0,0,0,0
ador,0,0,0,1,0,0,1
adrift,0,0,1,0,1,0,0
adulteri,0,1,0,0,1,0,0
advanc,0,0,1,1,0,1,0
advent,0,0,0,1,0,0,0
adventur,0,0,0,0,0,0,1
adversari,1,0,0,0,0,0,0
advers,1,1,1,0,1,0,0
advocaci,1,0,0,1,0,0,1
aesthet,0,0,0,1,0,0,0
affect,0,0,0,1,0,0,0
afflict,0,1,1,0,1,0,0
affluenc,0,0,0,1,0,0,0
affront,1,1,1,0,1,1,0
afraid,0,0,1,0,0,0,0
aftermath,1,1,1,0,1,0,0
aga,0,0,1,0,0,0,0
aggrav,1,1,0,0,1,0,0
aggress,1,0,1,0,0,0,0
aggressor,1,0,1,0,0,0,0
aghast,0,1,1,0,0,1,0
agit,1,0,0,0,0,0,0
agon,0,0,1,0,0,0,0
agoni,1,0,1,0,1,0,0
ail,0,0,1,0,1,0,0
air,0,1,0,0,0,0,0
alarm,0,0,1,0,0,1,0
alcohol,1,1,1,0,1,0,0
alert,0,0,1,0,0,1,0
alien,1,1,1,0,1,0,0
aliv,0,0,0,1,0,0,0
alleg,1,0,0,0,0,0,0
allur,0,0,0,1,0,1,1
aloha,0,0,0,1,0,0,0
alterc,1,0,0,0,0,0,0
amaz,0,0,0,0,0,1,0
amazingli,0,0,0,1,0,1,0
ambit,0,0,0,1,0,0,0
ambul,0,0,1,0,0,0,0
ambush,1,0,1,0,0,1,0
amen,0,0,0,1,0,0,0
amic,0,0,0,1,0,0,0
ammonia,0,1,0,0,0,0,0
amnesti,0,0,0,1,0,0,0
amour,0,0,0,1,0,0,1
amphetamin,0,1,0,0,0,0,0
amus,0,0,0,1,0,0,0
anaconda,0,1,1,0,0,0,0
anarch,1,0,1,0,0,0,0
anarchist,1,0,1,0,0,0,0
anarchi,1,0,1,0,0,0,0
anathema,1,1,1,0,1,0,0
anchorag,0,0,0,0,1,0,0
angel,0,0,0,1,0,1,1
anger,1,0,0,0,0,0,0
angina,0,0,1,0,0,0,0
angri,1,1,0,0,0,0,0
anguish,1,0,1,0,1,0,0
anim,0,0,0,1,0,0,0
animos,1,1,1,0,1,0,0
animu,1,0,0,0,0,0,0
annihil,1,0,1,0,1,0,0
annoy,1,1,0,0,0,0,0
annul,0,0,0,0,1,0,0
anomali,0,0,1,0,0,1,0
antagon,1,0,0,0,0,0,0
antagonist,1,1,0,0,0,0,0
anthrax,0,1,1,0,1,0,0
antichrist,1,1,1,0,0,0,0
antipathi,1,1,0,0,0,0,0
antisoci,1,1,1,0,1,0,0
antithesi,1,0,0,0,0,0,0
anxieti,1,0,1,0,1,0,0
anxiou,0,0,1,0,0,0,0
apach,0,0,1,0,0,0,0
apathet,0,0,0,0,1,0,0
apathi,0,0,0,0,1,0,0
aphid,0,1,0,0,0,0,0
apolog,0,0,0,0,1,0,0
appal,0,1,1,0,0,0,0
apparit,0,0,1,0,0,1,0
append,0,0,1,0,1,0,0
applaus,0,0,0,1,0,1,0
appreci,0,0,0,1,0,0,0
apprehend,0,0,1,0,0,0,0
apprehens,0,0,1,0,0,0,0
approv,0,0,0,1,0,0,0
ardent,0,0,0,1,0,0,1
argu,1,0,0,0,0,0,0
argument,1,0,0,0,0,0,0
arid,0,0,0,0,1,0,0
arm,1,0,1,0,0,0,0
armament,1,0,1,0,0,0,0
armor,0,0,1,0,0,0,0
arous,0,0,0,0,0,0,1
arraign,1,0,1,0,1,0,0
arrog,1,1,0,0,0,0,0
arsen,0,1,1,0,1,0,0
arson,1,0,1,0,0,0,0
art,0,0,0,1,1,1,0
artilleri,0,0,1,0,0,0,0
ash,0,0,0,0,1,0,0
asham,0,1,0,0,1,0,0
asp,0,0,1,0,0,0,0
aspir,0,0,0,1,0,1,1
assail,1,0,1,0,1,1,0
assassin,1,0,1,0,1,0,0
assault,1,0,1,0,0,0,0
assess,0,0,0,0,0,1,0
asshol,1,1,0,0,0,0,0
astonishingli,0,0,0,0,0,1,0
astonish,0,0,0,1,0,1,0
astray,0,0,1,0,0,0,0
asylum,0,0,1,0,0,0,0
asymmetri,0,1,0,0,0,0,0
atherosclerosi,0,0,1,0,1,0,0
aton,0,0,0,1,0,0,0
atroci,1,1,0,0,0,0,0
atroc,1,1,1,0,1,0,0
atrophi,0,1,1,0,1,0,0
attack,1,1,1,0,1,1,0
attain,0,0,0,0,0,0,1
attenu,0,0,0,0,1,0,0
attorney,1,0,1,0,0,0,0
auditor,0,0,1,0,0,0,0
auspici,0,0,0,1,0,0,1
auster,0,0,1,0,1,0,0
authent,0,0,0,1,0,0,0
autopsi,0,1,1,0,1,0,0
avalanch,0,0,1,0,1,1,0
avaric,1,1,0,0,0,0,0
aveng,1,0,0,0,0,0,0
avers,1,1,1,0,0,0,0
avoid,0,0,1,0,0,0,0
award,0,0,0,1,0,1,1
aw,1,1,1,0,1,0,0
awkward,0,1,0,0,0,0,0
baboon,0,1,0,0,0,0,0
babi,0,0,0,1,0,0,0
backbon,1,0,0,0,0,0,0
backward,0,1,0,0,0,0,0
backwat,0,0,0,0,1,0,0
bacteria,0,1,1,0,1,0,0
bacterium,0,1,1,0,0,0,0
bad,1,1,1,0,1,0,0
badger,1,0,0,0,0,0,0
badli,0,0,0,0,1,0,0
bailiff,0,0,1,0,0,0,0
bait,0,0,1,0,0,0,0
bale,0,0,1,0,0,0,0
balm,0,0,0,1,0,0,0
bane,1,1,1,0,0,0,0
bang,1,1,1,0,1,1,0
banger,1,0,1,0,0,1,0
banish,1,1,1,0,1,0,0
bankrupt,0,0,1,0,1,0,0
bankruptci,1,1,1,0,1,0,0
banquet,0,0,0,1,0,0,0
banshe,1,1,1,0,1,0,0
baptism,0,0,0,1,0,0,0
barb,1,0,0,0,0,0,0
barbarian,0,0,1,0,0,0,0
barbar,1,1,1,0,0,0,0
barf,0,1,0,0,0,0,0
bark,1,0,0,0,0,0,0
barren,0,0,0,0,1,0,0
barricad,0,0,1,0,0,0,0
barrier,1,0,0,0,0,0,0
barrow,0,1,0,0,0,0,0
basketbal,0,0,0,1,0,0,0
bastard,0,1,0,0,1,0,0
bastion,1,0,0,0,0,0,0
battalion,1,0,0,0,0,0,0
batter,1,0,1,0,1,0,0
batteri,1,0,0,0,0,0,0
battl,1,0,1,0,1,0,0
battlefield,0,0,1,0,0,0,0
bayonet,1,0,1,0,0,0,0
beach,0,0,0,1,0,0,0
beam,0,0,0,1,0,0,0
bear,1,0,1,0,0,0,0
bearish,1,0,1,0,0,0,0
beast,1,0,1,0,0,0,0
beastli,0,1,1,0,0,0,0
beat,1,0,1,0,1,0,0
beautif,0,0,0,1,0,0,0
beauti,0,0,0,1,0,0,0
beautifi,0,0,0,1,0,0,0
bee,1,0,1,0,0,0,0
beer,0,0,0,1,0,0,0
befriend,0,0,0,1,0,0,0
beg,0,0,0,0,1,0,0
beggar,0,0,0,0,1,0,0
behemoth,0,0,1,0,0,0,0
belittl,1,1,1,0,1,0,0
belliger,1,0,1,0,0,0,0
bellow,1,0,0,0,0,0,0
belt,1,0,1,0,0,0,0
benevol,0,0,0,1,0,0,0
benign,0,0,0,1,0,0,0
bereav,0,0,0,0,1,0,0
berserk,1,0,0,0,0,0,0
bestial,0,1,1,0,0,0,0
betray,1,1,0,0,1,1,0
betroth,0,0,0,1,0,0,0
bewar,0,0,1,0,0,0,0
bewild,0,0,1,0,0,1,0
bewilder,0,0,1,0,0,1,0
bia,1,0,0,0,0,0,0
bicker,1,1,0,0,0,0,0
bier,0,0,1,0,1,0,0
bigot,1,1,1,0,1,0,0
bile,1,1,0,0,0,0,0
biopsi,0,0,1,0,0,0,0
birch,1,1,1,0,0,0,0
birth,0,0,1,1,0,0,0
birthday,0,0,0,1,0,1,0
birthplac,1,0,0,0,0,0,0
bitch,1,1,1,0,1,0,0
bitterli,1,1,0,0,1,0,0
bitter,1,1,0,0,1,0,0
bizarr,0,0,0,0,0,1,0
blackmail,1,0,1,0,0,0,0
black,0,0,1,0,1,0,0
blame,1,1,0,0,0,0,0
blasphem,1,1,0,0,0,0,0
blasphemi,1,0,0,0,0,0,0
blast,1,0,1,0,0,1,0
blatant,1,1,0,0,0,0,0
blaze,1,0,0,0,0,0,0
bleak,0,0,0,0,1,0,0
bleed,0,1,1,0,1,0,0
blemish,1,1,1,0,1,0,0
bless,0,0,0,1,0,1,1
blight,0,1,1,0,1,0,0
blind,0,0,0,0,1,0,0
blindfold,0,0,1,0,0,1,0
blindli,0,0,0,0,1,0,0
bliss,0,0,0,1,0,0,0
blister,0,1,0,0,0,0,0
blitz,0,0,0,0,0,1,0
bloat,0,1,0,0,0,0,0
blob,0,1,1,0,0,0,0
blockad,1,0,1,0,1,0,0
bloodsh,1,1,1,0,1,1,0
bloodthirsti,1,1,1,0,0,0,0
bloodi,1,1,1,0,1,0,0
bloom,0,0,0,1,0,0,1
blossom,0,0,0,1,0,0,0
blue,0,0,1,0,1,0,0
blunder,0,1,0,0,1,0,0
bogu,1,1,0,0,0,0,0
boil,0,1,0,0,0,0,0
boister,1,0,0,1,0,0,1
bomb,1,1,1,0,1,1,0
bombard,1,0,1,0,0,0,0
bomber,0,0,1,0,1,0,0
bonanza,0,0,0,1,0,0,0
bondag,0,0,1,0,1,0,0
bonu,0,0,0,1,0,1,1
boredom,0,0,0,0,1,0,0
bother,1,0,0,0,1,0,0
bottom,0,0,0,0,1,0,0
bottomless,0,0,1,0,0,0,0
bounti,0,0,0,1,0,0,1
bouquet,0,0,0,1,0,0,0
bout,1,0,0,0,0,0,0
bovin,0,1,0,0,0,0,0
bowel,0,1,0,0,0,0,0
box,1,0,0,0,0,0,0
bran,0,1,0,0,0,0,0
brawl,1,1,1,0,0,0,0
brazen,1,0,0,0,0,0,0
break,0,0,0,0,0,1,0
breakup,0,0,0,0,1,0,0
briberi,0,1,0,0,0,0,0
bridal,0,0,0,1,0,0,0
bride,0,0,0,1,0,0,0
bridegroom,0,0,0,1,0,0,0
bridesmaid,0,0,0,1,0,0,0
brigad,0,0,1,0,0,0,0
brighten,0,0,0,1,0,1,0
brilliant,0,0,0,1,0,0,1
brimston,1,0,1,0,0,0,0
broil,1,0,0,0,0,0,0
broke,0,0,1,0,1,0,0
broken,1,0,1,0,1,0,0
brothel,0,1,0,0,0,0,0
brotherli,0,0,0,1,0,0,1
brunt,1,0,0,0,0,0,0
brutal,1,0,1,0,0,0,0
brute,1,0,1,0,1,0,0
buck,0,0,1,0,0,1,0
buddi,0,0,0,1,0,0,0
buffet,1,0,0,0,0,0,0
bug,0,1,1,0,0,0,0
bugaboo,1,0,1,0,1,0,0
bulli,1,0,1,0,0,0,0
bum,0,1,0,0,1,0,0
bummer,1,1,0,0,0,0,0
bunker,0,0,1,0,0,0,0
burdensom,0,0,1,0,1,0,0
bureaucrat,0,1,0,0,0,0,0
burglar,0,1,1,0,0,0,0
burial,1,0,1,0,1,0,0
buri,0,0,1,0,1,0,0
burk,1,1,1,0,1,0,0
burlesqu,0,0,0,0,0,1,0
burnt,0,1,0,0,0,0,0
bu,0,0,0,1,0,0,0
bust,1,0,1,0,0,0,0
butcher,1,1,1,0,0,0,0
buzz,0,0,1,0,0,0,0
cabal,0,0,1,0,0,0,0
cabl,0,0,0,0,0,1,0
cacophoni,1,1,0,0,0,0,0
cad,1,1,0,0,0,0,0
cadav,0,1,1,0,1,1,0
cage,0,0,0,0,1,0,0
calam,0,0,0,0,1,0,0
calf,0,0,0,1,0,0,0
callou,1,1,0,0,0,0,0
camouflag,0,0,0,0,0,1,0
campaign,1,0,1,0,0,0,0
cancel,0,0,0,0,1,0,0
cancer,1,1,1,0,1,0,0
candid,0,0,0,1,0,1,1
cane,1,0,1,0,0,0,0
canker,1,1,0,0,0,0,0
cannib,0,1,1,0,0,0,0
cannon,1,0,1,0,0,0,0
captiv,0,0,1,1,1,1,1
captor,0,0,1,0,0,0,0
carcass,0,1,1,0,1,0,0
carcinoma,0,0,1,0,1,0,0
cardiomyopathi,0,0,1,0,1,0,0
careless,1,1,0,0,0,0,0
cari,0,1,0,0,0,0,0
carnag,1,1,1,0,1,1,0
carnivor,0,0,1,0,0,0,0
carol,0,0,0,1,0,0,0
cartridg,0,0,1,0,0,0,0
case,0,0,1,0,1,0,0
cash,1,0,1,1,0,0,0
casket,0,0,1,0,1,0,0
casualti,1,0,1,0,1,0,0
cataract,0,0,1,0,1,0,0
catastroph,1,1,1,0,1,1,0
catch,0,0,0,0,0,1,0
catech,0,1,0,0,0,0,0
cathedr,0,0,0,1,0,0,0
caution,1,0,1,0,0,0,0
cautionari,0,0,1,0,0,0,0
cautiou,0,0,1,0,0,0,1
cautious,0,0,1,0,0,0,0
celebr,1,1,0,1,0,1,1
celesti,0,0,0,1,0,0,0
cemeteri,0,0,1,0,1,0,0
censor,1,1,1,0,0,0,0
ceremoni,0,0,0,1,0,1,0
ce,0,1,0,0,0,0,0
chaff,1,0,1,0,0,0,0
chagrin,0,1,0,0,1,0,0
challeng,1,0,1,0,0,0,0
champion,0,0,0,1,0,0,1
chanc,0,0,0,0,0,1,0
chang,0,0,1,0,0,0,0
changeabl,0,0,0,0,0,1,0
chant,1,0,0,1,0,1,1
chao,1,0,1,0,1,0,0
chaotic,1,0,0,0,0,0,0
chargeabl,0,0,1,0,1,0,0
charit,0,0,0,1,0,0,1
chariti,0,0,0,1,0,0,0
charm,0,0,0,1,0,0,0
chasm,0,0,1,0,0,0,0
cheat,1,1,0,0,0,0,0
cheer,0,0,0,1,0,1,1
cheeri,0,0,0,1,0,0,1
cherish,0,0,0,1,0,1,1
chican,0,0,0,0,0,1,0
chicken,0,0,1,0,0,0,0
child,0,0,0,1,0,0,0
childhood,0,0,0,1,0,0,0
chimera,0,0,1,0,0,1,0
chirp,0,0,0,1,0,0,0
chocol,0,0,0,1,0,0,0
choir,0,0,0,1,0,0,0
choke,1,0,0,0,1,0,0
cholera,0,1,1,0,1,0,0
choral,0,0,0,1,0,0,0
chronic,0,0,0,0,1,0,0
chuckl,0,0,0,1,0,1,0
church,0,0,0,1,0,0,0
civil,0,0,0,1,0,0,0
claimant,1,1,0,0,0,0,0
clamor,1,1,0,0,0,1,0
clap,0,0,0,1,0,0,0
clash,1,0,1,0,0,0,0
classic,0,0,0,1,0,0,0
claw,1,0,1,0,0,0,0
clean,0,0,0,1,0,0,0
cleav,0,0,1,0,0,0,0
cliff,0,0,1,0,0,0,0
climax,0,0,0,1,0,1,0
close,0,0,0,1,0,0,0
closur,0,0,0,1,1,0,0
cloud,0,0,0,0,1,0,0
cloudi,0,0,1,0,1,0,0
clown,0,0,0,1,0,1,0
clumsi,0,1,0,0,0,0,0
cobra,0,0,1,0,0,0,0
cocain,0,0,0,0,1,0,0
coerc,1,1,1,0,0,0,0
coercion,1,1,1,0,1,0,0
coffin,0,0,1,0,1,0,0
coincid,0,0,0,0,0,1,0
cold,1,1,1,0,1,0,0
collaps,0,1,1,0,1,0,0
collis,1,0,0,0,0,0,0
collus,1,1,1,0,1,0,0
coma,0,0,1,0,1,0,0
comatos,0,0,1,0,1,0,0
comb,1,0,1,0,0,0,0
combat,1,0,1,0,0,0,0
comfort,0,0,0,1,0,0,1
commemor,0,0,0,1,1,0,0
commend,0,0,0,1,0,0,0
committ,0,0,0,0,1,0,0
commot,1,0,0,0,0,0,0
commun,1,0,1,0,1,0,0
communion,0,0,0,1,0,0,0
companion,0,0,0,1,0,0,0
compass,0,0,1,0,0,0,0
compens,0,0,0,1,0,1,1
complain,1,0,0,0,1,0,0
complaint,1,0,0,0,0,0,0
complement,0,0,0,1,0,1,1
complet,0,0,0,1,0,0,0
complic,1,0,0,0,0,0,0
compliment,0,0,0,1,0,1,1
compost,0,1,0,0,0,0,0
compress,1,0,0,0,0,0,0
compuls,1,0,0,0,0,0,0
conceal,1,0,1,0,1,1,0
concern,0,0,1,0,1,0,0
concili,0,0,0,1,0,0,0
concuss,1,0,0,0,1,0,0
condemn,1,1,1,0,1,0,0
condescens,1,1,0,0,1,0,0
condol,0,0,0,0,1,0,0
confess,0,0,1,0,1,1,0
confession,0,0,1,0,0,0,0
confid,0,0,1,1,0,0,0
confin,1,1,1,0,1,0,0
confisc,1,0,0,0,1,0,0
conflagr,1,0,1,0,0,0,0
conflict,1,0,1,0,1,0,0
confront,1,0,0,0,0,0,0
confus,1,0,1,0,0,0,0
congratulatori,0,0,0,1,0,0,0
congress,0,1,0,0,0,0,0
conjur,0,0,0,0,0,1,0
connoisseur,0,0,0,1,0,0,0
conquest,1,0,1,0,0,0,0
consecr,0,0,0,1,1,0,0
consol,0,0,0,0,1,0,0
conspiraci,0,0,1,0,0,0,0
conspir,1,1,1,0,0,0,0
constern,1,0,1,0,0,0,0
constip,0,1,0,0,0,0,0
constrain,0,0,1,0,0,0,0
constraint,1,0,1,0,1,0,0
contagion,0,1,1,0,0,0,0
contagi,0,1,1,0,0,0,0
contamin,0,1,1,0,1,0,0
contempt,1,1,1,0,0,0,0
contemptu,1,0,0,0,0,0,0
content,0,0,0,1,0,0,0
contenti,1,1,1,0,0,0,0
contraband,1,1,1,0,0,0,0
contradict,1,0,0,0,0,0,0
controversi,1,0,0,0,0,0,0
convict,1,1,1,0,1,0,0
convinc,0,0,0,0,0,0,1
coop,1,1,0,0,0,0,0
cop,0,0,1,0,0,0,0
copycat,1,1,0,0,0,0,0
coron,0,0,0,1,0,0,0
corps,0,1,0,0,1,0,0
corros,0,0,1,0,0,0,0
corrupt,1,1,1,0,1,0,0
cors,0,0,0,0,1,0,0
couch,0,0,0,0,1,0,0
cough,0,1,0,0,0,0,0
counsellor,1,0,1,0,0,0,0
coup,1,0,0,0,0,1,0
courag,0,0,1,0,0,0,0
court,1,0,1,0,0,0,0
courtship,0,0,0,1,0,0,0
cove,0,1,1,1,0,0,0
coward,0,1,1,0,1,0,0
cowardic,0,0,1,0,0,0,0
cowardli,0,0,1,0,0,0,0
coy,0,0,1,0,0,0,0
coyot,0,0,1,0,0,0,0
crabbi,1,0,0,0,0,0,0
crack,1,0,1,0,0,0,0
cradl,0,0,0,1,0,0,0
cranki,1,0,0,0,0,0,0
crap,0,1,0,0,0,0,0
crash,0,0,1,0,1,1,0
crawl,0,1,0,0,0,0,0
craze,1,0,1,0,0,0,0
crazi,1,0,1,0,1,0,0
cream,0,0,0,1,0,1,0
creat,0,0,0,1,0,0,0
creatur,0,1,1,0,0,0,0
cremat,0,0,0,0,1,0,0
crescendo,0,0,0,1,0,1,0
crime,1,0,0,0,0,0,0
crimin,1,1,1,0,0,0,0
cring,0,1,1,0,1,0,0
crippl,0,0,1,0,1,0,0
critic,1,1,1,0,1,0,0
critter,0,1,0,0,0,0,0
crocodil,0,0,1,0,0,0,0
cross,1,0,1,0,1,0,0
crouch,0,0,1,0,0,0,0
crown,0,0,0,1,0,1,0
crucifixion,1,1,1,0,1,0,0
crude,0,1,0,0,0,0,0
cruel,1,1,1,0,1,0,0
cruelli,1,0,1,0,0,0,0
cruelti,1,1,1,0,1,0,0
crumbl,0,0,0,0,1,0,0
crunch,1,0,0,0,0,0,0
crusad,1,0,1,0,0,0,0
crush,1,1,1,0,1,0,0
crusti,0,1,0,0,0,0,0
cri,0,0,0,0,1,0,0
crypt,0,0,1,0,1,0,0
cuckold,0,1,0,0,0,0,0
cuddl,0,0,0,1,0,0,0
cult,0,0,1,0,0,0,0
cumbersom,0,0,0,0,1,0,0
cup,0,1,1,0,1,0,0
cur,1,1,1,0,0,0,0
curios,0,0,0,0,0,1,0
curs,1,1,1,0,1,0,0
cuss,1,0,0,0,0,0,0
cut,1,1,1,0,1,0,0
cutter,0,0,1,0,0,0,0
cutthroat,1,0,1,0,0,0,0
cyanid,0,0,1,0,0,0,0
cyclon,0,0,1,0,0,1,0
cyst,0,0,1,0,1,0,0
cystic,0,1,0,0,0,0,0
cytomegaloviru,0,0,0,0,1,0,0
dabbl,1,1,0,0,0,0,0
daemon,1,1,1,0,1,1,0
daft,0,1,0,0,0,0,0
dagger,0,0,1,0,0,0,0
damag,1,1,0,0,1,0,0
dame,1,1,0,0,0,0,0
damn,1,1,0,0,0,0,0
damnat,1,0,1,0,1,0,0
danc,0,0,0,1,0,0,0
dandi,0,1,0,0,0,0,0
danger,0,0,1,0,1,0,0
dank,0,1,0,0,0,0,0
dark,1,0,1,0,1,0,0
darken,0,0,1,0,1,0,0
darl,0,0,0,1,0,0,0
dart,0,0,1,0,0,0,0
dash,1,0,1,0,1,0,0
dastardli,1,1,1,0,0,0,0
daughter,0,0,0,1,0,0,0
dawn,0,0,0,1,0,1,1
deadli,1,1,1,0,1,0,0
deal,0,0,0,1,0,1,1
death,1,1,1,0,1,1,0
debacl,0,0,1,0,1,0,0
debaucheri,0,1,1,0,0,0,0
debri,0,1,0,0,0,0,0
debt,0,0,0,0,1,0,0
decay,0,1,1,0,1,0,0
deceas,0,0,0,0,1,0,0
deceit,1,1,1,0,1,1,0
deceiv,1,1,0,0,1,0,0
decompos,0,1,0,0,1,0,0
decomposit,0,1,1,0,1,0,0
decoy,0,0,0,0,0,1,0
decri,1,0,0,0,0,0,0
defam,0,1,1,0,0,0,0
defamatori,1,0,0,0,0,0,0
default,0,1,1,0,1,0,0
defeat,0,0,0,0,1,0,0
defect,1,1,1,0,0,0,0
defend,1,0,1,0,1,0,0
defens,1,0,1,0,0,0,1
defenseless,0,0,1,0,1,0,0
defianc,1,1,1,0,0,0,0
defiant,1,0,0,0,0,0,0
deflat,1,0,1,0,1,0,0
deform,0,1,1,0,1,0,0
defraud,1,1,0,0,0,0,0
defunct,0,0,0,0,1,0,0
defi,1,0,1,0,1,1,0
degeneraci,1,1,0,0,1,0,0
degrad,0,1,1,0,1,0,0
delay,1,1,1,0,1,0,0
deleteri,1,1,1,0,0,0,0
delici,0,0,0,1,0,0,0
delight,0,0,0,1,0,1,1
delinqu,1,1,0,0,0,0,0
deliri,0,0,0,0,1,0,0
delirium,0,1,0,0,1,0,0
deliver,0,0,0,1,0,0,0
delug,0,0,1,0,1,1,0
delus,1,0,1,0,1,0,0
delusion,1,0,1,0,0,0,0
demand,1,0,0,0,0,0,0
dement,0,0,1,0,0,0,0
dementia,0,0,1,0,1,0,0
demis,0,0,1,0,1,0,0
demolish,1,0,0,0,1,0,0
demon,1,1,1,0,1,0,0
demonstr,0,0,0,1,1,0,0
demor,0,0,1,0,1,0,0
deni,1,0,0,0,1,0,0
denounc,1,1,0,0,0,0,0
dentistri,0,0,1,0,0,0,0
denunci,1,1,1,0,0,0,0
depart,0,0,0,0,1,0,0
departur,0,0,0,0,1,0,0
depend,0,0,1,0,1,0,0
deplor,1,1,1,0,1,0,0
deport,1,0,1,0,1,0,0
deprav,1,1,1,0,1,0,0
depreci,1,1,1,0,1,0,0
depress,1,1,1,0,1,0,0
depriv,1,1,1,0,1,0,0
derang,1,1,1,0,0,0,0
deris,1,1,0,0,0,0,0
derog,1,1,1,0,1,0,0
derogatori,1,1,1,0,1,0,0
descent,0,0,1,0,1,0,0
desecr,1,1,1,0,1,0,0
desert,1,1,1,0,1,0,0
deserv,1,0,0,0,0,0,1
desist,1,1,0,0,0,0,0
desol,0,0,1,0,1,0,0
despair,1,1,1,0,1,0,0
despic,1,1,0,0,0,0,0
despis,1,1,0,0,0,0,0
despot,1,1,1,0,1,0,0
destin,0,0,1,1,1,1,0
destitut,0,0,1,0,1,0,0
destroy,1,0,1,0,1,0,0
destruct,1,1,1,0,0,0,0
detaine,1,0,1,0,1,0,0
detent,0,0,0,0,1,0,0
deterior,1,1,1,0,1,0,0
detest,1,1,0,0,0,0,0
deton,1,0,1,0,0,1,0
detract,1,0,0,0,0,0,0
devast,1,1,1,0,1,1,0
deviat,0,0,0,0,1,0,0
devil,1,1,1,0,1,0,0
devilish,0,1,1,0,0,0,0
devout,0,0,0,1,0,0,1
diabol,1,1,1,0,0,0,0
diagnosi,0,0,1,0,0,0,0
diamond,0,0,0,1,0,0,0
diaper,0,1,0,0,0,0,0
diarrhoea,0,1,0,0,0,0,0
diari,0,0,0,1,0,0,0
diatrib,1,1,0,0,0,0,0
dictat,0,0,1,0,0,0,0
dictatori,1,0,0,0,0,0,0
dictatorship,1,1,1,0,1,0,0
die,1,1,1,0,1,0,0
differ,0,0,0,0,0,1,0
difficult,0,0,1,0,0,0,0
difficulti,1,0,1,0,1,0,0
dike,0,0,1,0,0,0,0
dilapid,0,1,0,0,1,0,0
diminish,0,0,0,0,1,0,0
dinosaur,0,0,1,0,0,0,0
diplomaci,0,0,0,0,0,0,1
dire,0,1,1,0,1,1,0
dirt,0,1,0,0,0,0,0
dirti,0,1,0,0,0,0,0
disabl,0,0,1,0,1,0,0
disagre,1,0,0,0,1,0,0
disagr,1,0,0,0,1,0,0
disallow,1,1,1,0,1,0,0
disappear,0,0,1,0,0,0,0
disappoint,1,1,0,0,1,0,0
disapprov,1,1,1,0,1,0,0
disast,1,1,1,0,1,1,0
disastr,1,0,1,0,1,0,0
disciplin,0,0,1,0,0,0,0
disclaim,1,1,0,0,0,0,0
discolor,0,1,0,0,1,0,0
discomfort,0,0,0,0,1,0,0
disconnect,0,0,0,0,1,0,0
discont,1,1,1,0,1,0,0
discontinu,0,1,1,0,1,0,0
discord,1,1,0,0,0,0,0
discourag,0,0,1,0,1,0,0
discreet,0,0,0,0,0,0,1
discret,0,0,0,0,0,0,1
discrimin,1,1,1,0,1,0,0
disdain,1,1,0,0,0,0,0
diseas,1,1,1,0,1,0,0
disembodi,0,0,1,0,1,0,0
disfigur,1,1,1,0,1,0,0
disgrac,1,1,0,0,1,0,0
disgruntl,1,1,0,0,1,0,0
disgust,1,1,1,0,1,0,0
dishearten,0,0,0,0,1,0,0
dishonest,1,1,0,0,1,0,0
dishonesti,0,1,0,0,0,0,0
dishonor,1,1,1,0,1,0,0
disillusion,1,1,0,0,1,0,0
disinform,1,0,1,0,0,0,0
disingenu,0,1,0,0,0,0,0
disintegr,0,1,1,0,0,0,0
dislik,1,1,0,0,1,0,0
disloc,1,1,1,0,1,0,0
dismal,0,1,1,0,1,0,0
dismay,1,0,1,0,1,1,0
dismember,0,1,1,0,1,0,0
dismiss,1,1,1,0,1,1,0
disobedi,1,1,0,0,0,0,0
disobey,1,1,0,0,0,0,0
disord,0,0,1,0,0,0,0
disparag,1,1,0,0,1,0,0
dispar,1,1,0,0,1,0,0
dispassion,0,0,0,0,1,0,0
dispel,0,0,0,0,1,0,0
displac,1,0,1,0,1,0,0
displeas,1,1,1,0,1,0,0
displeasur,0,1,0,0,0,0,0
dispos,0,1,0,0,0,0,0
dispossess,1,0,1,0,1,0,0
disput,1,0,0,0,0,0,0
disqualifi,1,1,0,0,1,0,0
disregard,0,1,0,0,0,0,0
disreput,1,1,1,0,0,0,0
disrespect,1,1,1,0,1,0,0
disrupt,1,0,1,0,0,1,0
dissect,0,1,0,0,0,0,0
dissens,1,0,0,0,0,0,0
disservic,1,1,0,0,1,0,0
dissid,1,0,1,0,0,0,0
dissolut,1,0,1,0,1,1,0
disson,1,0,0,0,0,0,0
distast,0,1,0,0,0,0,0
distort,0,1,0,0,0,0,0
distract,1,0,0,0,0,0,0
distraught,0,0,0,0,1,0,0
distress,1,1,1,0,1,1,0
distrust,1,1,1,0,0,0,0
disturb,1,0,1,0,1,1,0
disus,1,0,0,0,0,0,0
ditti,0,0,0,1,0,0,0
diverg,0,0,0,0,0,1,0
divers,0,0,0,0,0,1,0
divorc,1,1,1,0,1,1,0
doldrum,0,0,0,0,1,0,0
dole,0,0,0,0,1,0,0
doll,0,0,0,1,0,0,0
dolor,0,0,0,0,1,0,0
dolphin,0,0,0,1,0,1,0
domin,1,0,1,0,1,0,0
dominion,0,0,1,0,0,0,0
donkey,0,1,0,0,0,0,0
doom,0,0,1,0,1,0,0
doomsday,1,1,1,0,1,0,0
doubt,0,0,1,0,1,0,0
dove,0,0,0,1,0,0,0
downfal,0,0,1,0,1,0,0
drab,0,0,0,0,1,0,0
dragon,0,0,1,0,0,0,0
dread,1,1,1,0,1,1,0
dreari,0,0,0,0,1,0,0
drivel,0,1,0,0,0,0,0
drool,0,1,0,0,0,0,0
drown,0,0,1,0,1,0,0
drug,0,0,0,0,1,0,0
drunken,0,1,0,0,0,0,0
dubiou,0,0,1,0,0,0,0
duel,1,0,1,0,0,0,0
dull,0,0,0,0,1,0,0
dump,1,0,0,0,1,0,0
dung,0,1,0,0,0,0,0
dungeon,0,0,1,0,0,0,0
dupe,1,0,0,0,0,0,0
duplic,1,0,0,0,0,0,0
duress,1,1,1,0,1,0,0
dwarf,0,0,1,0,1,0,0
dynam,0,0,0,0,0,1,0
dysenteri,0,1,0,0,1,0,0
eager,0,0,0,1,0,1,1
earthquak,1,0,1,0,1,1,0
ecstasi,0,0,0,1,0,0,1
ecstat,0,0,0,1,0,1,1
edict,0,0,1,0,0,0,0
edif,0,0,0,1,0,0,0
eel,0,0,1,0,0,0,0
effici,0,0,0,0,0,0,1
effigi,1,0,0,0,0,0,0
egotist,0,1,0,0,0,0,0
egregi,1,1,0,0,0,0,0
ejacul,0,0,0,1,0,1,0
elat,0,0,0,1,0,0,0
elbow,1,0,0,0,0,0,0
electr,0,0,0,1,0,1,0
eleg,0,0,0,1,0,0,1
elev,0,0,1,1,0,0,0
elf,1,1,1,0,0,0,0
elimin,1,1,1,0,1,0,0
elit,0,0,0,1,0,0,1
elus,0,0,0,0,0,1,0
emaci,0,0,1,0,1,0,0
emancip,0,0,0,1,0,0,0
embarrass,0,0,1,0,1,1,0
embol,0,0,1,0,1,0,0
embrac,0,0,0,1,0,1,1
emerg,0,0,1,0,1,1,0
empti,0,0,0,0,1,0,0
enchant,0,0,0,1,0,1,1
encourag,0,0,0,1,0,0,0
encroach,0,0,1,0,0,0,0
encumbr,1,0,1,0,1,0,0
endang,0,0,1,0,0,0,0
endem,0,1,1,0,1,0,0
endless,1,0,1,1,1,0,0
endocard,0,0,1,0,1,0,0
enema,0,1,0,0,0,0,0
enemi,1,1,1,0,0,0,0
enforc,1,0,1,0,0,0,0
engag,0,0,0,1,0,0,0
enigmat,0,0,1,0,0,0,0
enjoy,0,0,0,1,0,0,1
enlighten,0,0,0,1,0,0,0
enliven,0,0,0,1,0,1,0
enmiti,1,0,1,0,1,0,0
enslav,1,1,1,0,1,0,0
entangl,1,1,1,0,1,0,0
entertain,0,0,0,1,0,1,1
enthusiasm,0,0,0,1,0,1,1
enthusiast,0,0,0,1,0,1,1
entrail,0,1,0,0,0,0,0
epidem,1,1,1,0,1,1,0
epitaph,0,0,0,0,1,0,0
equal,0,0,0,1,0,0,0
erad,1,1,1,0,0,0,0
eras,0,0,1,0,0,0,0
erot,0,0,0,1,0,1,1
errat,0,0,0,0,0,1,0
error,0,0,0,0,1,0,0
erupt,1,0,1,0,0,1,0
escal,1,0,0,0,0,0,0
escap,0,0,1,0,0,0,0
eschew,1,0,0,0,1,0,0
establish,0,0,0,1,0,0,0
esteem,0,0,0,1,1,0,0
ether,0,0,1,0,0,0,0
euthanasia,0,0,1,0,1,0,0
evacu,0,0,1,0,0,0,0
evad,1,1,1,0,0,0,0
evanesc,0,0,0,0,1,1,0
evas,0,0,1,0,1,0,0
eventu,0,0,1,0,0,0,0
evergreen,0,0,0,1,0,0,0
evict,1,1,1,0,1,0,0
evil,1,1,1,0,1,0,0
exacerb,1,0,1,0,0,0,0
exagger,1,0,0,0,0,0,0
exalt,0,0,0,1,0,0,1
examin,0,0,1,0,0,1,0
exasper,1,1,0,0,0,0,0
excav,0,0,0,0,0,1,0
exceed,0,0,0,1,0,0,1
excel,0,1,0,1,0,1,1
excit,1,0,1,1,0,1,1
exclaim,0,0,0,0,0,1,0
exclud,0,1,0,0,1,0,0
exclus,0,1,1,0,1,0,0
excrement,0,1,0,0,0,0,0
excret,0,1,0,0,0,0,0
excruci,0,0,1,0,0,0,0
execut,1,0,1,0,1,0,0
execution,1,0,1,0,1,0,0
exhaust,0,0,0,0,1,0,0
exhilar,0,0,0,1,0,1,0
exig,0,1,1,0,0,1,0
exil,1,0,1,0,1,0,0
exorc,0,0,1,0,1,0,0
expect,0,0,0,0,0,1,1
expedi,0,0,0,1,0,0,0
expel,1,1,1,0,1,0,0
experi,0,0,0,0,0,1,0
expir,0,0,0,0,1,0,0
explet,1,0,0,0,0,0,0
explod,1,0,1,0,1,1,0
explos,1,0,1,0,0,1,0
expos,0,0,1,0,0,0,0
expuls,1,1,1,0,1,0,0
exquisit,0,0,0,1,0,0,0
extermin,1,0,1,0,1,0,0
extinct,0,0,0,0,1,0,0
extinguish,1,0,0,0,0,0,0
extrajudici,0,0,1,0,0,0,0
exuber,0,0,0,1,0,0,0
faec,0,1,0,0,0,0,0
fail,1,0,1,0,1,0,0
failur,0,1,1,0,1,0,0
fain,0,0,0,1,0,0,0
faint,0,0,1,0,1,1,0
faith,0,0,0,1,0,0,1
faithless,0,0,0,0,1,0,0
fall,0,0,0,0,1,0,0
fallaci,1,0,0,0,0,0,0
falsehood,1,0,0,0,0,0,0
falsif,1,0,0,0,0,0,0
falsifi,0,1,0,0,0,0,0
falsiti,0,1,0,0,0,0,0
falter,0,0,1,0,0,0,0
familiar,0,0,0,1,0,0,0
famin,0,0,0,0,1,0,0
fanatic,0,0,1,0,0,0,0
fanci,0,0,0,1,0,0,1
fanfar,0,0,0,1,0,1,1
fang,0,0,1,0,0,0,0
farcic,0,1,0,0,0,0,0
fast,0,0,0,0,1,0,0
fat,0,1,0,0,1,0,0
fatal,1,0,1,0,1,0,0
fatigu,0,0,0,0,1,0,0
fatti,0,1,0,0,1,0,0
fault,0,0,0,0,1,0,0
favor,0,0,0,1,0,1,1
favorit,0,0,0,1,0,0,0
fear,1,0,1,0,1,1,0
fearless,0,0,1,0,0,0,0
feat,0,0,0,1,0,1,1
fecal,0,1,0,0,0,0,0
fece,0,1,0,0,0,0,0
fee,1,0,0,0,0,0,0
feebl,0,0,0,0,1,0,0
feel,1,1,1,1,1,1,1
felic,0,0,0,1,0,0,0
fell,0,0,0,0,1,0,0
felon,0,0,1,0,0,0,0
fenc,1,0,0,0,0,0,0
feroci,1,1,1,0,0,0,0
feroc,1,0,0,0,0,0,0
fervor,1,0,0,1,0,0,0
festiv,0,0,0,1,0,1,0
fete,0,0,0,1,0,1,0
feud,1,0,0,0,0,0,0
feudal,1,0,0,0,1,0,0
fever,0,0,1,0,0,0,0
fib,1,0,0,0,0,0,0
fidel,0,0,0,1,0,0,0
fiend,1,1,1,0,0,0,0
fierc,1,1,1,0,0,0,0
fiesta,0,0,0,1,0,1,0
fight,1,0,1,0,0,0,0
filth,0,1,0,0,0,0,0
filthi,0,1,0,0,0,0,0
final,0,1,0,1,0,1,1
fire,0,0,1,0,0,0,0
firearm,1,0,1,0,0,0,0
firstborn,0,0,0,1,0,0,0
fit,1,0,0,1,0,0,1
flabbi,0,1,0,0,0,0,0
flaccid,0,0,0,0,1,0,0
flagrant,1,1,0,0,0,0,0
flatter,0,0,0,1,0,0,0
flatul,0,1,0,0,0,0,0
flaw,0,0,0,0,1,0,0
flea,0,1,0,0,0,0,0
fled,0,0,1,0,0,0,0
flee,0,0,1,0,0,0,0
fleec,1,1,0,0,1,0,0
flesh,0,1,0,0,0,0,0
flinch,0,1,1,0,1,1,0
flirt,0,0,0,1,0,1,1
flog,1,1,1,0,1,0,0
flood,0,0,1,0,0,0,0
flop,0,1,0,0,1,0,0
flounder,0,0,1,0,1,0,0
flu,0,0,1,0,0,0,0
fluctuat,1,0,1,0,0,0,0
fluke,0,0,0,0,0,1,0
fli,0,0,1,0,0,0,0
foe,1,0,1,0,0,0,0
fond,0,0,0,1,0,0,0
food,0,0,0,1,0,0,0
fool,0,1,0,0,0,0,0
footbal,0,0,0,1,0,0,0
foray,1,0,0,0,0,0,0
forbid,1,0,1,0,1,0,0
forc,1,0,1,0,0,0,0
forcibl,1,0,1,0,0,0,0
forearm,1,0,0,0,0,0,0
forebod,0,0,1,0,0,0,0
foreclos,0,0,1,0,1,0,0
forefath,0,0,0,1,0,0,0
foreign,0,0,1,0,0,0,0
forese,0,0,0,0,0,1,0
foresight,0,0,0,0,0,0,1
forewarn,0,0,1,0,0,0,0
forfeit,1,0,0,0,1,0,0
forfeitur,0,0,1,0,1,0,0
forgotten,0,0,1,0,1,0,0
forlorn,0,0,0,0,1,0,0
formid,0,0,1,0,0,0,0
forsak,0,0,0,0,1,0,0
forsaken,1,0,0,0,1,0,0
fortitud,0,0,0,1,0,0,0
fortress,0,0,1,0,1,0,0
fortun,0,0,0,1,0,1,1
foul,1,1,1,0,0,0,0
found,0,0,0,1,0,0,0
fragil,0,0,1,0,1,0,0
frailti,0,0,0,0,1,0,0
frantic,0,1,1,0,0,1,0
fratern,0,0,0,1,0,0,0
fraud,1,0,0,0,0,0,0
fraudul,1,1,0,0,0,0,0
fraught,0,0,1,0,1,0,0
fray,0,0,0,0,1,0,0
freakish,0,1,1,0,0,1,0
freedom,0,0,0,1,0,0,0
freeli,0,0,0,1,0,0,0
frenet,1,0,1,0,0,1,0
frenzi,1,0,1,0,0,0,0
fret,0,0,1,0,0,0,0
friction,1,0,0,0,0,0,0
friend,0,0,0,1,0,0,0
friendli,0,0,0,1,0,0,1
friendship,0,0,0,1,0,0,0
frigat,0,0,1,0,0,0,0
fright,1,0,1,0,1,1,0
frighten,0,0,1,0,1,1,0
friski,0,0,0,1,0,1,0
frolic,0,0,0,1,0,0,0
frown,1,1,0,0,1,0,0
fruitless,0,0,0,0,1,0,0
frustrat,1,1,0,0,1,0,0
fugit,1,1,1,0,1,0,0
fulfil,0,0,0,1,0,0,1
fume,1,0,0,0,0,0,0
fun,0,0,0,1,0,0,1
funer,0,0,0,0,1,0,0
fungu,0,1,0,0,0,0,0
funk,0,0,0,0,1,0,0
furiou,1,1,0,0,0,0,0
furious,1,0,0,0,0,0,0
furnac,1,0,0,0,0,0,0
furor,1,0,0,0,0,0,0
furrow,0,0,0,0,1,0,0
furi,1,0,1,0,1,0,0
fuss,1,0,0,0,1,0,0
fussi,0,1,0,0,0,0,0
futil,0,0,0,0,1,0,0
gabi,0,1,0,0,0,0,0
gag,0,1,0,0,0,0,0
gain,0,0,0,1,0,0,1
gall,1,1,0,0,0,0,0
gallow,1,0,1,0,1,0,0
gambl,0,0,0,0,0,1,0
gambler,0,0,0,0,0,1,0
gang,1,0,1,0,0,0,0
gape,0,0,0,0,0,1,0
garbag,0,1,0,0,0,0,0
garden,0,0,0,1,0,0,0
garish,0,1,0,0,0,1,0
gash,0,0,1,0,0,0,0
gasp,0,0,1,0,0,1,0
gawk,0,0,0,0,0,1,0
gelatin,0,1,0,0,0,0,0
gem,0,0,0,1,0,0,0
gener,0,0,0,1,0,0,0
generos,0,0,0,1,0,1,1
genial,0,0,0,1,0,0,0
gent,1,1,1,0,0,0,0
geriatr,0,0,0,0,1,0,0
germ,0,1,0,0,0,0,0
ghastli,0,1,1,0,0,0,0
ghetto,0,1,1,0,1,0,0
ghost,0,0,1,0,0,0,0
ghostli,0,0,1,0,0,0,0
giant,0,0,1,0,0,0,0
gibberish,1,0,0,0,0,0,0
gift,0,0,0,1,0,1,0
giggl,0,0,0,1,0,0,0
glad,0,0,0,1,0,0,1
gladiat,0,0,1,0,0,0,0
glare,1,0,1,0,0,0,0
glee,0,0,0,1,0,0,0
glide,0,0,0,1,0,0,0
glimmer,0,0,0,1,0,1,1
glitter,0,1,0,1,0,0,0
gloom,0,0,0,0,1,0,0
gloomi,0,0,0,0,1,0,0
glorif,0,0,0,1,0,0,0
glorifi,0,0,0,1,0,1,1
glori,0,0,0,1,0,0,1
glow,0,0,0,1,0,0,1
glum,0,0,0,0,1,0,0
glut,0,1,0,0,0,0,0
gluttoni,0,1,0,0,0,0,0
gnome,1,1,1,0,0,0,0
gob,0,1,0,0,0,0,0
goblin,0,1,1,0,0,0,0
god,0,0,1,1,0,0,0
godless,1,0,0,0,0,0,0
godli,0,0,0,1,0,0,0
godsend,0,0,0,1,0,1,0
gonorrhea,1,1,1,0,1,0,0
goo,0,1,0,0,0,0,0
good,0,0,0,1,0,1,1
gore,1,1,1,0,1,0,0
gorg,0,1,0,0,0,0,0
gorgeou,0,0,0,1,0,0,0
gori,1,1,1,0,1,0,0
govern,0,0,1,0,0,0,0
grab,1,0,0,0,0,0,0
graduat,0,0,1,1,0,1,0
grandchild,0,0,0,1,0,0,0
grant,0,0,0,1,0,0,0
grate,1,1,0,0,0,0,0
gratifi,0,0,0,1,0,1,0
gratitud,0,0,0,1,0,0,0
gratuit,0,1,0,0,0,0,0
grave,0,0,1,0,1,0,0
gray,0,1,0,0,1,0,0
greasi,0,1,0,0,0,0,0
great,0,0,0,1,0,1,0
greed,1,1,0,0,0,0,0
greedi,0,1,0,0,0,0,0
green,0,0,0,1,0,0,0
greet,0,0,0,0,0,1,0
grenad,0,0,1,0,0,0,0
grief,0,0,0,0,1,0,0
grievanc,1,1,0,0,1,0,0
griev,0,0,1,0,1,0,0
grievou,1,0,1,0,1,0,0
grim,1,1,1,0,1,0,0
grime,0,1,0,0,0,0,0
grimi,0,1,0,0,0,0,0
grin,0,0,0,1,0,1,1
grisli,0,1,1,0,0,0,0
grizzli,0,0,1,0,0,0,0
groan,0,1,0,0,1,0,0
grope,1,1,1,0,0,0,0
gross,0,1,0,0,0,0,0
grotesqu,0,1,0,0,0,0,0
ground,0,0,1,0,1,0,0
grow,0,0,0,1,0,0,0
growl,1,1,1,0,0,0,0
grudg,1,0,0,0,0,0,0
gruesom,0,1,0,0,0,0,0
gruff,1,1,0,0,0,0,0
grumbl,1,1,0,0,0,0,0
grumpi,1,1,0,0,1,0,0
guard,0,0,1,0,0,0,0
guerilla,0,0,1,0,0,0,0
guess,0,0,0,0,0,1,0
guillotin,1,1,1,0,1,0,0
guilt,0,1,0,0,1,0,0
guilti,1,0,0,0,1,0,0
gullibl,0,0,0,0,1,0,0
gulp,0,0,1,0,0,1,0
gun,1,0,1,0,0,0,0
gunpowd,0,0,1,0,0,0,0
gush,0,1,0,1,0,0,0
gut,0,1,0,0,0,0,0
gutter,0,1,0,0,0,0,0
hag,0,1,1,0,0,0,0
haggard,0,0,0,0,1,0,0
hairi,0,1,0,0,0,0,0
hallucin,0,0,1,0,0,0,0
halt,0,0,1,0,1,0,0
halter,1,0,1,0,1,0,0
hamstr,1,0,0,0,1,0,0
handicap,0,0,0,0,1,0,0
hang,1,1,1,0,1,0,0
hangman,0,0,1,0,0,0,0
hap,0,0,0,0,0,1,0
happili,0,0,0,1,0,0,0
happi,0,0,0,1,0,0,1
harass,1,1,0,0,0,0,0
harbing,1,0,1,0,0,0,0
harden,1,1,1,0,0,0,0
hardship,0,0,0,0,1,0,0
hardi,0,0,0,1,0,0,0
harlot,0,1,0,0,0,0,0
harm,1,1,1,0,1,0,0
harmoni,0,0,0,1,0,0,0
harrow,0,0,1,0,0,0,0
harri,1,0,0,0,1,0,0
harsh,1,0,1,0,0,0,0
harvest,0,0,0,1,0,0,0
hate,1,1,1,0,1,0,0
hatr,1,1,1,0,1,0,0
haughti,1,0,0,0,0,0,0
haunt,0,0,1,0,1,0,0
havoc,1,0,1,0,0,0,0
hawk,0,0,1,0,0,0,0
hazard,0,0,1,0,0,0,0
haze,0,0,1,0,0,0,0
heal,0,0,0,1,0,0,0
health,0,0,0,1,0,0,0
hear,0,0,1,0,0,0,0
hears,0,0,1,0,1,0,0
heartach,0,0,0,0,1,0,0
heartfelt,0,0,0,1,1,0,0
heartili,0,0,0,1,0,0,0
heartless,0,0,0,0,1,0,0
heartworm,0,1,0,0,0,0,0
heathen,0,0,1,0,0,0,0
heavenli,0,0,0,1,0,0,1
heaven,0,0,0,1,0,0,0
hedon,0,0,0,1,0,0,0
heft,0,0,1,0,0,0,0
heighten,0,0,1,0,0,0,0
hell,1,1,1,0,1,0,0
hellish,1,1,1,0,1,0,0
helmet,0,0,1,0,0,0,0
help,0,0,0,1,0,0,0
helpless,0,0,1,0,1,0,0
hemorrhag,0,1,1,0,1,0,0
heret,0,1,0,0,0,0,0
hermaphrodit,0,0,0,0,0,1,0
hermit,0,0,0,0,1,0,0
hero,0,0,0,1,0,1,1
heroic,0,0,0,1,0,1,0
heroism,0,0,0,1,0,1,0
herp,0,1,0,0,0,0,0
herpesviru,0,1,0,0,0,0,0
hesit,0,0,1,0,0,0,0
heyday,0,0,0,1,0,0,0
hide,0,0,1,0,0,0,0
hideou,0,1,1,0,1,0,0
highest,0,0,1,1,0,1,0
hilari,0,0,0,1,0,1,0
hilar,0,0,0,1,0,0,0
hinder,0,0,0,0,1,0,0
hire,0,0,0,1,0,0,0
hiss,1,0,1,0,0,0,0
hit,1,0,0,0,0,0,0
hoari,0,0,0,0,1,0,0
hoax,1,1,0,0,1,1,0
hobbi,0,0,0,1,0,0,0
hobo,0,0,0,0,1,0,0
hog,0,1,0,0,0,0,0
holiday,0,0,0,1,0,0,0
holi,0,0,1,1,0,1,0
hollow,0,0,0,0,1,0,0
holocaust,1,1,1,0,1,0,0
homeless,1,1,1,0,1,0,0
homesick,0,0,0,0,1,0,0
homework,0,0,1,0,0,0,0
homicid,1,1,1,0,1,0,0
honest,1,1,1,1,1,0,0
honeymoon,0,0,0,1,0,1,1
hood,1,1,1,0,0,0,0
hoot,1,1,0,0,0,0,0
hope,0,0,0,1,0,1,1
hopeless,1,1,1,0,1,0,0
hord,0,0,0,0,0,1,0
horribl,1,1,1,0,0,0,0
horrid,1,1,1,0,1,0,0
horrif,1,1,1,0,1,0,0
horrifi,0,1,1,0,1,0,0
horror,1,1,1,0,1,1,0
hospic,0,0,0,0,1,0,0
hospit,0,0,1,0,1,0,0
hostag,1,0,1,0,0,0,0
hostil,1,1,1,0,0,0,0
hot,1,0,0,0,0,0,0
howl,1,1,1,0,1,1,0
huff,1,1,0,0,0,0,0
hug,0,0,0,1,0,0,0
hulk,0,1,0,0,0,0,0
human,0,0,0,1,0,0,0
humanitarian,0,0,0,1,0,1,0
humbl,0,1,0,0,1,0,0
humbug,1,1,0,0,1,0,0
humili,1,1,0,0,1,0,0
humor,0,0,0,1,0,0,0
hunt,1,0,1,0,0,0,0
hunter,0,0,1,0,1,0,0
hurrah,0,0,0,1,0,0,0
hurrican,0,0,1,0,0,0,0
hurt,1,1,1,0,1,0,0
hut,0,0,0,0,1,0,0
hydra,0,0,1,0,0,0,0
hydrocephalu,0,1,1,0,1,0,0
hymn,0,0,0,1,1,0,0
hypertrophi,0,1,1,0,0,1,0
hypocrit,0,1,0,0,0,0,0
hypothesi,0,0,0,0,0,1,0
hysteria,0,0,1,0,0,0,0
hyster,1,0,1,0,0,0,0
idioci,1,1,0,0,1,0,0
idiot,1,1,0,0,0,0,0
idolatri,0,1,1,0,0,0,0
ignor,0,1,0,0,0,0,0
ill,1,1,1,0,1,0,0
illeg,1,1,1,0,1,0,0
illegitim,1,1,1,0,1,1,0
illicit,1,1,1,0,0,0,0
illiter,0,1,0,0,0,0,0
illumin,0,0,0,1,0,1,1
illus,0,0,0,0,0,1,0
immacul,0,0,0,1,0,0,0
immatur,1,0,0,0,0,0,0
immediaci,0,0,0,0,0,1,0
immedi,0,0,0,0,0,0,1
immers,0,0,1,1,0,1,0
immigr,0,0,1,0,0,0,0
immin,0,0,1,0,0,0,0
immor,1,1,1,0,1,0,0
impeach,0,1,1,0,0,0,0
impend,0,0,1,0,0,0,0
imperm,1,0,1,0,0,0,0
implic,1,0,0,0,0,0,0
impolit,0,1,0,0,0,0,0
import,0,0,0,0,0,0,1
imposs,0,0,0,0,1,0,0
impot,1,0,1,0,1,0,0
imprison,1,1,1,0,1,0,0
improv,0,0,0,1,0,0,1
improvis,0,0,0,0,0,1,1
imprud,0,0,0,0,1,0,0
impur,0,1,0,0,0,0,0
inabl,0,0,0,0,1,0,0
inadequ,0,0,0,0,1,0,0
inadmiss,1,1,0,0,0,0,0
inappropri,1,1,0,0,1,0,0
inattent,1,0,0,0,0,0,0
inaugur,0,0,0,1,0,0,0
incarcer,1,1,1,0,1,0,0
incas,1,1,1,0,1,0,0
incendiari,1,0,1,0,0,1,0
incens,1,0,0,0,0,0,0
incest,1,1,1,0,1,0,0
incestu,0,1,0,0,0,0,0
incid,0,0,0,0,0,1,0
incit,1,0,1,0,0,0,0
incom,0,0,0,1,1,0,0
incompat,1,1,0,0,1,0,0
incompet,1,0,0,0,1,0,0
incongru,1,0,0,0,0,0,0
inconsequenti,0,0,0,0,1,0,0
inconsider,1,1,0,0,1,0,0
incontin,0,0,0,0,0,1,0
inconveni,1,1,0,0,1,0,0
incredul,1,1,0,0,0,0,0
incrimin,0,0,1,0,1,0,0
incubu,0,1,1,0,0,0,0
incur,1,1,1,0,1,0,0
incurs,0,0,1,0,0,0,0
indec,1,1,0,0,0,0,0
indefens,0,0,1,0,0,0,0
indentur,1,0,0,0,0,0,0
independ,0,0,0,1,0,1,1
indict,1,0,1,0,0,0,0
indiffer,1,1,1,0,1,0,0
indig,0,0,0,0,1,0,0
indign,1,1,0,0,0,0,0
indoctrin,1,0,1,0,0,0,0
indomit,0,0,1,0,0,0,0
ineffectu,0,1,0,0,0,0,0
ineffici,0,1,0,0,1,0,0
inept,1,1,0,0,0,0,0
ineptitud,0,1,1,0,1,0,0
inequ,1,0,1,0,1,0,0
inexcus,1,1,0,0,1,0,0
inexplic,0,0,0,0,0,1,0
infam,1,1,1,0,0,0,0
infami,0,0,0,0,1,0,0
infant,0,0,1,1,0,1,0
infanticid,1,1,1,0,1,0,0
infantil,1,1,0,0,0,0,0
infarct,0,0,1,0,0,1,0
infect,0,1,1,0,0,0,0
infecti,0,1,1,0,1,0,0
inferior,0,0,0,0,1,0,0
inferno,1,0,1,0,0,0,0
infertil,0,0,0,0,1,0,0
infest,0,1,1,0,0,0,0
infidel,1,1,1,0,1,0,0
infin,0,0,0,1,0,0,0
infirm,0,0,1,0,0,0,0
inflat,0,0,1,0,0,0,0
inflict,1,0,1,0,1,0,0
infract,1,0,0,0,0,0,0
infrequ,0,0,0,0,0,1,0
inherit,0,0,0,1,0,1,0
inhibit,1,1,0,0,1,0,0
inhospit,0,0,0,0,1,0,0
inhuman,1,1,1,0,1,0,0
inim,1,0,0,0,1,0,0
iniqu,0,1,0,0,0,0,0
inject,0,0,1,0,0,0,0
injur,1,0,1,0,1,0,0
injuri,1,0,1,0,1,0,0
injustic,1,0,0,0,0,0,0
inmat,0,1,1,0,0,0,0
inop,1,0,0,0,0,0,0
insan,1,1,1,0,1,0,0
insecur,1,0,1,0,1,0,0
insepar,0,0,0,1,0,0,0
insidi,1,1,1,0,0,0,0
insignific,1,0,0,0,1,0,0
insolv,0,0,1,0,1,1,0
inspir,0,0,0,1,0,1,1
instabl,0,1,1,0,0,0,0
instinct,1,1,1,0,0,0,0
insuffici,1,0,0,0,0,0,0
insult,1,1,1,0,1,1,0
insurmount,0,0,1,0,1,0,0
insurrect,1,0,0,0,0,0,0
intellig,0,0,1,1,0,0,0
intens,1,1,1,1,0,1,0
inter,0,0,0,0,1,0,0
interced,0,0,1,0,1,0,0
interest,0,1,0,0,1,0,0
interior,0,1,0,0,0,0,0
intermin,1,0,0,0,0,0,0
interrog,0,0,1,0,0,0,0
interrupt,1,0,0,0,1,1,0
intervent,0,0,0,0,1,0,0
interview,0,0,1,0,0,0,0
intestin,0,1,0,0,0,0,0
intim,0,0,1,1,0,0,1
intimid,1,0,1,0,0,0,0
intoler,1,1,1,0,1,0,0
intox,0,1,0,0,0,0,0
intract,1,0,0,0,0,0,0
intrigu,0,0,1,0,0,1,0
intrud,1,0,1,0,0,1,0
intrus,1,1,1,0,0,1,0
invad,1,0,1,0,1,1,0
invalid,0,0,0,0,1,0,0
invas,1,0,0,0,0,0,0
invit,0,0,0,1,0,1,0
involut,1,0,0,0,0,0,0
involv,1,0,0,0,0,0,0
irat,1,0,0,0,0,0,0
ire,1,0,0,0,0,0,0
iri,0,0,1,0,0,0,0
irrat,0,1,1,0,0,0,0
irreconcil,1,0,1,0,1,0,0
irrepar,0,0,1,0,1,0,0
irrit,1,1,0,0,1,0,0
isol,0,0,1,0,1,0,0
jab,1,0,0,0,0,0,0
jackpot,0,0,0,1,0,1,0
jail,0,0,1,0,1,0,0
janitor,0,1,0,0,0,0,0
jar,0,0,1,0,1,0,0
jaundic,0,0,1,0,0,0,0
jaw,0,0,1,0,0,0,0
jealou,1,1,0,0,0,0,0
jealousi,1,1,1,0,1,0,0
jeopard,1,0,1,0,0,0,0
jeopardi,0,0,1,0,0,0,0
jerk,1,0,0,0,0,1,0
jest,0,0,0,1,0,1,0
john,0,1,0,0,0,0,0
joker,0,0,0,1,0,1,0
jolt,0,0,0,0,0,1,0
journey,0,0,1,1,0,0,0
jovial,0,0,0,1,0,0,0
joy,0,0,0,1,0,0,0
joyou,0,0,0,1,0,0,0
jubil,0,0,0,1,0,1,0
jubile,0,0,0,1,0,1,0
judgment,0,0,0,0,0,1,0
jump,0,0,0,1,0,0,0
jungl,0,0,1,0,0,0,0
jurisprud,0,0,0,0,1,0,0
kennel,0,0,0,0,1,0,0
kerosen,0,0,1,0,0,0,0
khan,0,0,1,0,0,0,0
kick,1,0,0,0,0,0,0
kidnap,1,0,1,0,1,1,0
kill,1,0,1,0,1,0,0
kind,0,0,0,1,0,0,0
kindr,0,0,0,1,0,0,0
kiss,0,0,0,1,0,1,1
kite,0,1,0,0,0,0,0
kitten,0,0,0,1,0,0,0
knell,0,0,1,0,1,0,0
kudo,0,0,0,1,0,0,0
labor,0,0,0,1,1,1,0
lace,1,0,1,0,1,0,0
lag,1,1,0,0,1,0,0
lamb,0,0,0,1,0,0,0
lament,0,1,1,0,1,0,0
landslid,0,0,1,0,1,0,0
languish,0,0,1,0,1,0,0
larceni,0,1,0,0,0,0,0
larger,0,1,0,0,0,1,0
lash,1,0,1,0,0,0,0
late,0,0,0,0,1,0,0
latent,1,1,0,0,0,1,0
latrin,0,1,0,0,0,0,0
laugh,0,0,0,1,0,1,0
laughabl,0,1,0,0,0,0,0
laughter,0,0,0,1,0,1,1
laurel,0,0,0,1,0,0,0
lava,1,0,1,0,0,0,0
lavatori,0,1,0,0,0,0,0
lawless,1,0,1,0,0,0,0
lawsuit,1,1,1,0,1,1,0
lawyer,1,1,1,0,0,0,0
lax,0,1,1,0,1,0,0
leav,0,0,0,0,1,1,0
leech,0,1,1,0,0,0,0
leer,0,1,0,0,0,0,0
leeri,0,0,0,0,0,1,0
legal,1,0,1,1,0,0,0
leisur,0,0,0,1,0,1,0
lemon,0,1,0,0,0,0,0
leprosi,0,1,1,0,1,0,0
lesser,0,1,0,0,0,0,0
lethal,0,1,1,0,1,0,0
lethargi,0,0,0,0,1,0,0
leukemia,1,0,1,0,1,0,0
lewd,0,1,0,0,0,0,0
liar,0,1,0,0,0,0,0
libel,1,0,1,0,0,0,0
liber,1,0,0,1,0,1,1
liberti,0,0,0,1,0,1,1
lick,0,1,0,0,0,0,0
lie,1,1,0,0,1,0,0
lifeless,0,0,1,0,1,0,0
lightn,1,0,1,0,0,1,0
like,0,0,0,1,0,0,0
limit,1,0,0,0,1,0,0
line,0,0,1,0,0,0,0
lion,0,0,1,0,0,0,0
liquor,1,0,0,1,1,0,0
listless,0,0,0,0,1,0,0
litig,1,1,1,0,1,0,0
litigi,1,1,0,0,0,0,0
livid,1,1,0,0,0,0,0
loath,1,1,0,0,0,0,0
loathsom,1,1,0,0,0,0,0
lockup,0,0,1,0,1,0,0
locust,0,0,1,0,0,0,0
lone,1,1,1,0,1,0,0
loneli,0,0,1,0,1,0,0
lonesom,0,0,0,0,1,0,0
long,0,0,0,0,1,0,0
loo,0,1,0,0,0,0,0
loom,0,0,1,0,0,0,0
loon,0,1,0,0,0,0,0
lord,0,1,0,0,0,0,0
lose,1,1,1,0,1,1,0
loss,1,0,1,0,1,0,0
lost,0,0,0,0,1,0,0
loud,1,0,0,0,0,0,0
lous,0,1,0,0,0,0,0
lovabl,0,0,0,1,0,0,0
love,0,0,0,1,1,1,1
lovemak,0,0,0,1,0,0,0
lover,0,0,0,1,0,0,1
lower,0,0,0,0,1,0,0
lowest,0,0,0,0,1,0,0
lowli,0,0,0,0,1,0,0
loyal,0,0,1,1,0,1,0
luck,0,0,0,1,0,1,1
lucki,0,0,0,1,0,1,0
lumpi,0,1,0,0,0,0,0
lunaci,1,1,1,0,1,0,0
lunat,1,1,1,0,0,0,0
lung,0,0,0,0,0,1,0
lurid,0,1,0,0,0,0,0
lusciou,0,0,0,1,0,0,0
lush,0,1,0,0,1,0,0
luster,0,0,0,1,0,0,0
lusti,0,1,0,0,0,0,0
luxuri,0,0,0,1,0,0,0
lynch,1,1,1,0,1,0,0
lyre,0,0,0,1,0,0,0
lyric,0,0,0,1,0,0,0
mace,0,0,1,0,0,0,0
mad,1,1,1,0,1,0,0
madden,1,0,1,0,0,0,0
madman,1,0,1,0,0,0,0
mafia,0,0,1,0,0,0,0
mage,0,0,1,0,0,0,0
maggot,0,1,0,0,0,0,0
magic,0,0,0,1,0,1,1
magician,0,0,0,0,0,1,0
magnific,0,0,0,1,0,1,1
majest,0,0,0,1,0,1,1
major,0,0,0,1,0,0,0
malais,0,0,0,0,1,0,0
malaria,0,1,1,0,1,0,0
malevol,1,1,1,0,1,0,0
malfeas,0,1,0,0,0,0,0
malic,1,0,1,0,0,0,0
malici,1,1,1,0,1,0,0
malign,1,1,1,0,1,0,0
malpractic,1,0,0,0,0,0,0
mandamu,0,0,1,0,0,0,0
mang,0,1,1,0,0,0,0
mangl,1,1,1,0,1,0,0
maniac,1,0,1,0,0,0,0
manifest,0,0,1,0,0,0,0
manipul,1,0,1,0,0,0,0
manslaught,1,1,1,0,1,1,0
manur,0,1,0,0,0,0,0
margin,0,0,0,0,1,0,0
marriag,0,0,0,1,0,0,0
marri,0,0,1,1,0,1,0
marrow,0,0,0,1,0,0,0
martial,1,0,0,0,0,0,0
martyr,0,0,1,0,1,0,0
martyrdom,0,0,1,0,1,0,0
marvel,0,0,0,1,0,1,0
masoch,1,1,1,0,0,0,0
massacr,1,1,1,0,1,0,0
massag,0,0,0,1,0,0,0
masterpiec,0,0,0,1,0,0,0
masteri,1,0,0,1,0,0,0
materialist,0,1,0,0,0,0,0
matrimoni,0,0,0,1,0,0,0
mausoleum,0,0,0,0,1,0,0
meaningless,0,0,0,0,1,0,0
measl,0,1,1,0,1,0,0
medal,0,0,0,1,0,1,0
meddl,1,0,0,0,0,0,0
medic,0,0,1,0,0,0,0
medit,0,0,0,1,0,0,0
meek,0,0,0,0,1,0,0
melanchol,0,0,0,0,1,0,0
melancholi,0,0,0,0,1,0,0
mele,0,0,1,0,0,0,0
melodrama,1,0,0,0,1,0,0
meltdown,0,0,0,0,1,0,0
memor,0,0,0,1,0,1,0
memori,0,0,0,0,1,0,0
menac,1,0,1,0,0,0,0
mercenari,0,0,1,0,0,0,0
merciless,0,0,1,0,0,0,0
meritori,0,0,0,1,0,0,0
merriment,0,0,0,1,0,1,0
merri,0,0,0,1,0,0,0
mess,0,1,0,0,0,0,0
messi,0,1,0,0,0,0,0
midwif,0,0,0,1,0,0,0
mighti,1,0,1,1,0,0,0
mildew,0,1,0,0,0,0,0
militari,0,0,1,0,0,0,0
militia,1,0,1,0,1,0,0
mimicri,0,0,0,0,0,1,0
ministri,0,0,0,1,0,0,0
miracl,0,0,0,1,0,1,1
miracul,0,0,0,1,0,1,0
mire,0,1,0,0,0,0,0
mirth,0,0,0,1,0,0,0
misbehavior,1,1,0,0,0,1,0
miscarriag,0,0,1,0,1,0,0
misconcept,1,1,1,0,0,0,0
misconduct,0,1,0,0,0,0,0
miser,1,1,0,0,1,0,0
miseri,1,1,1,0,1,0,0
misfortun,0,0,1,0,1,0,0
misguid,0,1,0,0,0,0,0
mishap,0,1,1,0,1,1,0
mislead,1,1,1,0,0,0,0
misplac,1,1,0,0,0,0,0
misrepres,1,0,0,0,0,0,0
misrepresent,0,0,0,0,1,0,0
miss,0,0,1,0,1,0,0
missil,0,0,1,0,0,0,0
misstat,1,1,0,0,0,0,0
mistak,0,0,0,0,1,0,0
mistaken,0,0,1,0,0,0,0
mistress,1,1,0,0,0,0,0
mistrust,0,1,1,0,0,0,0
misunderstand,1,0,0,0,1,0,0
mite,0,1,0,0,0,0,0
moan,0,0,1,0,1,0,0
mob,1,0,1,0,0,0,0
mockeri,0,1,0,0,0,0,0
mock,1,1,0,0,1,0,0
modifi,0,0,0,0,0,1,0
molest,1,1,1,0,1,0,0
money,1,0,0,1,0,1,0
monochrom,0,1,0,0,0,0,0
monsoon,0,0,0,0,1,0,0
monster,0,0,1,0,0,0,0
monstros,1,1,1,0,0,1,0
moodi,1,0,0,0,1,0,0
moral,1,1,0,1,0,1,0
morbid,1,1,1,0,1,0,0
morgu,0,1,1,0,1,0,0
moribund,0,0,0,0,1,0,0
mortal,1,0,1,0,1,0,0
mortgag,0,0,1,0,0,0,0
mortgagor,0,0,1,0,0,0,0
mortif,0,1,1,0,1,0,0
mortuari,0,0,1,0,1,0,0
mosquito,1,1,0,0,0,0,0
mother,0,0,0,1,1,0,0
motherhood,0,0,0,1,0,0,0
mourn,1,0,1,0,1,0,0
mouth,0,1,0,0,0,1,0
muck,0,1,0,0,0,0,0
mucou,0,1,0,0,0,0,0
mucu,0,1,0,0,0,0,0
muddi,0,1,0,0,0,0,0
muff,1,1,0,0,0,0,0
mug,1,0,1,0,1,0,0
mule,1,0,0,0,0,0,0
mum,0,0,1,0,0,0,0
murder,1,1,1,0,1,1,0
murki,0,1,0,0,1,0,0
music,1,0,0,1,1,1,0
musket,0,0,1,0,0,0,0
musti,0,1,0,0,0,0,0
mutil,1,1,1,0,1,0,0
mutini,1,1,1,0,0,1,0
mutter,1,0,0,0,0,0,0
muzzl,0,0,1,0,0,0,0
myopia,1,0,0,0,1,0,0
mysteri,0,0,1,0,0,1,0
mystic,0,0,0,0,0,1,0
nab,0,0,0,0,0,1,0
nag,1,0,0,0,0,0,0
nameless,0,1,0,0,0,0,0
nap,0,0,0,1,0,0,0
napkin,0,0,0,0,1,0,0
nappi,0,1,0,0,0,0,0
nasti,1,1,1,0,1,0,0
nausea,0,1,0,0,0,0,0
nauseou,0,1,0,0,1,0,0
navig,0,0,0,0,0,0,1
necess,0,0,0,0,1,0,0
nefari,0,1,1,0,1,1,0
negat,1,0,0,0,0,0,0
neg,0,0,0,0,1,0,0
neglect,1,1,0,0,1,0,0
negro,0,0,0,0,1,0,0
nepot,1,1,0,0,1,0,0
nervou,0,0,1,0,0,0,0
nervous,0,0,1,0,0,0,0
nether,1,0,1,0,1,0,0
nettl,1,1,0,0,0,0,0
neuralgia,0,0,1,0,1,0,0
neurosi,0,0,1,0,1,0,0
neurot,0,1,1,0,0,0,0
newcom,0,0,1,0,0,1,0
nicotin,0,1,0,0,0,0,0
nightmar,0,0,1,0,0,0,0
noisi,1,0,0,0,0,0,0
noncompli,1,0,1,0,1,0,0
nonsens,0,0,0,0,1,0,0
noos,0,0,0,0,1,0,0
nose,0,1,0,0,0,0,0
notabl,0,0,0,1,0,0,0
nothing,0,0,0,0,1,0,0
notorieti,1,1,1,0,0,0,0
noxiou,0,1,1,0,0,0,0
nuisanc,1,0,0,0,0,0,0
nullifi,0,0,0,0,0,1,0
numb,0,0,0,0,1,0,0
nurseri,0,0,0,1,0,0,0
nurtur,1,1,1,1,0,0,1
nutriti,0,0,0,0,1,0,0
oasi,0,0,0,1,0,0,1
obes,0,1,0,0,1,0,0
obey,0,0,1,0,0,0,0
obi,0,1,1,0,0,0,0
obit,0,0,0,0,1,1,0
obituari,0,0,0,0,1,0,0
object,1,0,0,0,0,0,1
oblig,1,1,1,1,0,1,0
obligor,0,0,1,0,0,0,0
obliter,1,0,1,0,1,0,0
oblivion,1,0,1,0,0,0,0
obnoxi,1,1,0,0,1,0,0
obscen,1,1,0,0,0,0,0
obstacl,1,0,1,0,1,0,0
obstruct,1,0,1,0,0,0,0
obtain,0,0,0,1,0,0,0
occasion,0,0,0,0,0,1,0
occult,0,1,1,0,0,0,0
octopu,0,1,0,0,0,0,0
odditi,0,1,0,0,1,1,0
odiou,1,1,1,0,0,0,0
offend,1,1,1,0,1,0,0
offens,1,1,1,0,1,0,0
offset,0,0,0,0,0,0,1
ogr,0,1,1,0,0,0,0
omen,0,0,1,0,0,0,0
omin,0,0,1,0,0,0,0
omnipot,0,0,1,0,0,0,0
oner,1,0,0,0,1,0,0
ooz,0,1,0,0,0,0,0
opera,1,0,1,1,1,1,0
oper,0,0,1,0,0,0,0
opinion,1,0,0,0,0,0,0
opium,1,1,1,0,1,0,0
oppon,1,1,1,0,0,0,0
opportun,0,0,0,1,0,0,1
oppos,1,0,1,0,0,0,0
opposit,1,0,0,0,0,0,0
oppress,1,1,1,0,1,0,0
oppressor,1,0,1,0,1,0,0
optim,0,0,0,1,0,1,1
orc,1,1,1,0,0,0,0
orchestra,1,0,0,1,1,0,0
ordeal,1,0,0,0,0,1,0
ordin,0,0,0,1,0,0,0
ordnanc,0,0,1,0,0,0,0
organ,0,0,0,1,0,1,0
orgasm,0,0,0,1,0,0,0
origin,0,0,0,0,0,1,0
orphan,0,0,1,0,1,0,0
oust,1,0,0,0,1,0,0
outburst,1,0,1,1,1,1,0
outcast,0,1,1,0,1,0,0
outcri,1,0,1,0,0,1,0
outdo,0,0,0,0,0,0,1
outhous,0,1,0,0,0,0,0
outpost,0,0,1,0,0,0,0
outrag,1,1,0,0,0,1,0
outsid,0,0,1,0,0,0,0
outstand,0,0,0,1,0,0,0
ovat,0,0,0,0,1,0,0
overbear,1,0,0,0,0,0,0
overdu,0,0,0,0,1,1,0
overestim,0,0,0,0,0,1,0
overjoy,0,0,0,1,0,0,0
overload,0,0,0,0,1,0,0
overpow,1,0,1,0,0,0,0
overpr,1,1,0,0,1,0,0
overt,0,0,1,0,0,0,0
overthrow,0,0,1,0,0,0,0
overwhelm,0,0,0,0,1,0,0
owe,1,1,1,0,1,0,0
pain,1,1,1,0,1,0,0
palpabl,0,0,0,0,0,1,0
palsi,0,1,1,0,1,0,0
pandem,0,0,1,0,1,0,0
pang,0,0,0,0,0,1,0
panic,0,0,1,0,0,0,0
parachut,0,0,1,0,0,0,0
parad,0,0,1,1,0,1,0
paragon,0,0,0,1,0,0,0
paralysi,1,0,1,0,1,0,0
paranoia,0,0,1,0,0,0,0
parasit,0,1,1,0,0,0,0
pare,1,0,1,0,1,0,0
parrot,0,1,0,0,0,0,0
part,0,0,0,0,1,0,0
passion,0,0,0,1,0,0,1
pastor,0,0,0,1,0,0,0
pastri,0,0,0,1,0,0,0
pathet,0,1,0,0,1,0,0
patienc,0,0,0,0,0,0,1
patient,0,0,0,0,0,0,1
patter,1,0,0,0,0,0,0
pauciti,1,1,0,0,1,0,0
pauper,0,0,0,0,1,0,0
pay,0,0,0,1,0,0,0
payback,1,0,0,0,0,0,0
peac,0,0,0,1,0,1,1
penal,0,0,1,0,1,0,0
penalti,1,0,1,0,1,0,0
penanc,0,0,1,0,1,0,0
penetr,1,0,1,0,0,0,0
penitentiari,1,0,0,0,0,0,0
pensiv,0,0,0,0,1,0,0
perchanc,0,0,0,0,0,1,0
perdit,1,1,1,0,1,0,0
perfect,0,0,0,1,0,1,1
peri,0,0,0,0,0,1,0
peril,0,0,1,0,1,0,0
perish,0,0,1,0,1,0,0
perjuri,0,0,1,0,0,1,0
pernici,1,0,1,0,1,0,0
perpetr,1,1,1,0,1,0,0
perplex,0,0,0,0,1,0,0
persecut,1,1,1,0,1,0,0
perspir,0,1,0,0,0,0,0
perturb,0,0,1,0,0,0,0
pervers,1,1,1,0,1,0,0
pervert,1,1,0,0,0,0,0
pessim,1,0,1,0,1,0,0
pessimist,0,0,1,0,1,0,0
pest,1,1,1,0,0,0,0
pestil,0,1,1,0,0,0,0
petroleum,0,1,0,0,0,0,0
phalanx,0,0,1,0,0,0,0
phantom,0,0,1,0,0,0,0
phlegm,0,1,0,0,0,0,0
phoni,1,1,0,0,0,0,0
picket,1,0,1,0,0,0,0
picnic,0,0,0,1,0,1,0
picturesqu,0,0,0,1,0,0,0
pig,0,1,0,0,0,0,0
pile,0,1,0,0,0,0,0
pillag,1,1,1,0,0,0,0
pimpl,0,1,0,0,0,0,0
pine,0,0,0,0,1,0,0
pinion,0,0,1,0,0,0,0
piou,0,1,0,0,1,0,0
piqu,1,0,0,0,0,0,0
pirat,1,0,0,0,0,0,0
pitfal,1,1,1,0,1,1,0
piti,0,0,0,0,1,0,0
placard,0,0,0,0,0,1,0
plagiar,0,1,0,0,0,0,0
plagu,0,1,1,0,1,0,0
plaintiv,0,0,0,0,1,0,0
play,1,0,0,1,0,1,0
playground,0,0,0,1,0,1,0
playhous,0,0,0,1,0,0,0
plea,0,0,1,0,1,0,0
pleasant,0,0,0,1,0,1,1
pleas,0,0,0,1,0,0,0
pleasur,0,0,0,1,0,0,0
pledg,0,0,0,1,0,0,0
plight,0,1,1,0,1,0,0
plummet,0,0,1,0,0,0,0
plunder,1,1,1,0,1,1,0
plung,0,0,1,0,0,0,0
pneumonia,0,0,1,0,0,0,0
poach,1,1,1,0,1,0,0
pointless,0,0,0,0,1,0,0
poison,1,1,1,0,1,0,0
polar,0,0,0,0,0,1,0
polem,1,1,0,0,0,0,0
polic,0,0,1,0,0,0,0
policeman,0,0,1,0,0,0,0
polio,0,0,1,0,1,0,0
polit,1,1,0,0,0,0,0
pollut,0,1,0,0,0,0,0
polygami,0,1,0,0,0,0,0
pompou,0,1,0,0,0,0,0
pop,0,0,0,0,0,1,0
porn,0,1,0,0,0,0,0
pornographi,0,1,0,0,0,0,0
poss,0,0,1,1,0,0,0
possess,1,1,1,0,0,0,0
posthum,0,0,0,0,1,0,0
postpon,0,0,0,0,0,1,0
pound,1,0,0,0,0,0,0
poverti,1,1,1,0,1,0,0
pow,1,0,0,0,0,0,0
power,1,1,1,1,0,0,1
powerless,1,1,1,0,1,0,0
practic,0,0,0,1,0,1,0
prais,0,0,0,1,0,0,0
praiseworthi,0,0,0,1,0,1,1
prank,0,0,0,0,0,1,0
pray,0,0,1,1,0,1,1
precari,0,0,1,0,1,0,0
preciou,0,0,0,1,0,1,1
precipic,0,0,1,0,0,0,0
preclud,1,0,0,0,0,0,0
predica,0,0,1,0,0,0,0
pregnanc,0,1,0,0,0,0,0
prejudic,1,0,0,0,0,0,0
prejud,0,1,1,0,0,0,0
prejudici,1,0,0,0,0,0,0
prematur,0,0,0,0,0,1,0
premedit,0,0,1,0,0,0,0
prepar,0,0,0,0,0,0,1
present,0,0,0,1,0,1,0
preserv,0,0,0,1,0,1,0
prestig,0,0,0,1,0,0,0
presto,0,0,0,1,0,1,0
presumptu,1,1,0,0,0,0,0
pretend,1,0,0,0,0,0,0
pretti,0,0,0,1,0,0,1
prevail,0,0,0,1,0,0,0
prevent,0,0,1,0,0,0,0
prey,0,0,1,0,0,0,0
prick,1,1,1,0,0,1,0
pride,0,0,0,1,0,0,0
priesthood,0,0,0,1,1,0,0
princ,0,0,0,1,0,1,0
prison,1,1,1,0,1,0,0
privileg,0,0,0,1,0,0,0
probat,0,0,1,0,1,0,0
problem,0,0,1,0,1,0,0
procedur,0,0,1,0,0,0,0
process,0,0,0,1,1,1,0
profan,1,0,0,0,0,0,0
profici,0,0,0,1,0,1,0
prognosi,0,0,1,0,0,0,0
progress,0,0,0,1,1,0,1
prohibit,1,1,1,0,0,0,0
projectil,0,0,1,0,0,0,0
prolong,0,1,0,0,0,0,0
promis,0,0,0,1,0,0,0
prosecut,1,1,1,0,1,0,0
prosper,0,0,0,1,0,0,1
prostitut,0,1,0,0,1,0,0
proud,0,0,0,1,0,0,1
provid,0,0,0,1,0,0,0
provoc,1,0,0,0,0,0,0
provok,1,1,0,0,0,0,0
prowl,0,0,1,0,0,1,0
pri,1,0,0,0,0,0,0
psychosi,1,0,1,0,1,0,0
puke,0,1,0,0,0,0,0
puma,0,0,1,0,0,1,0
punch,1,0,1,0,1,1,0
punctual,0,0,0,0,0,0,1
pungent,0,1,0,0,0,0,0
punish,1,1,1,0,1,0,0
punit,1,0,1,0,1,0,0
purgatori,0,1,1,0,0,0,0
purg,0,0,1,0,0,0,0
purifi,0,0,0,1,0,0,0
puriti,0,0,0,0,0,1,0
purr,0,0,0,1,0,0,0
pu,0,1,0,0,0,0,0
quack,0,1,0,0,0,0,0
quagmir,0,1,0,0,0,0,0
quail,0,0,1,0,0,0,0
quaint,0,0,0,1,0,0,0
quak,0,0,1,0,0,0,0
quandari,1,0,1,0,0,0,0
quarantin,0,0,1,0,0,0,0
quarrel,1,0,0,0,0,0,0
quash,0,0,1,0,0,0,0
question,0,1,0,0,0,0,0
quick,0,0,0,0,0,1,0
quicksilv,0,0,0,0,0,1,0
quiet,0,0,0,0,1,0,0
quiver,0,0,1,0,0,0,0
quot,0,0,0,0,0,1,0
rabbl,1,0,1,0,0,0,0
rabid,1,1,1,0,1,0,0
rack,0,0,0,0,1,0,0
radianc,0,0,0,1,0,0,1
radiant,0,0,0,1,0,0,0
radiat,0,0,1,0,0,0,0
radioact,0,0,1,0,0,0,0
radon,0,0,1,0,0,0,0
raffl,0,0,0,0,0,1,0
rage,1,1,1,0,0,0,0
rag,0,1,0,0,0,0,0
raid,1,0,1,0,0,1,0
rail,1,0,0,0,0,0,0
raini,0,0,0,0,1,0,0
ram,1,0,0,0,0,0,0
rampag,1,0,1,0,0,0,0
rancid,0,1,0,0,0,0,0
randomli,0,0,0,0,0,1,0
ransom,1,0,1,0,0,0,0
rap,1,0,0,0,0,0,0
rape,1,1,1,0,1,0,0
rapid,0,0,0,0,0,1,0
rapt,0,0,0,1,0,1,0
raptor,0,0,1,0,0,0,0
raptur,0,0,0,1,0,0,1
rariti,0,0,0,0,0,1,0
rascal,1,1,1,0,0,0,0
rash,0,1,0,0,0,0,0
rat,0,1,1,0,0,0,0
rate,1,0,1,0,1,0,0
rattlesnak,0,0,1,0,0,0,0
rave,1,1,1,1,0,1,1
raven,1,0,1,0,1,0,0
ravin,0,0,1,0,0,0,0
razor,0,0,1,0,0,0,0
react,1,0,1,0,0,0,0
readi,0,0,0,1,0,0,1
reappear,0,0,0,0,0,1,0
rebel,1,0,1,0,0,0,0
rebellion,1,1,1,0,0,0,0
recalcitr,1,1,0,0,0,0,0
receiv,0,0,0,1,0,1,0
recess,1,1,1,0,1,0,0
recidiv,1,1,0,0,1,0,0
reckless,1,1,1,0,0,1,0
recogniz,0,0,0,0,0,0,1
reconcili,0,0,0,1,0,0,1
recreat,0,0,0,1,0,0,0
reflex,0,0,0,0,0,1,0
reflux,0,1,0,0,0,0,0
refuge,0,0,0,0,1,0,0
refus,0,0,0,0,1,0,0
refut,0,0,1,0,0,0,0
regiment,0,0,1,0,0,0,0
regret,0,0,0,0,1,0,0
regrett,0,0,0,0,1,0,0
regulatori,0,0,1,0,0,0,0
regurgit,0,1,0,0,0,0,0
rehabilit,0,0,0,0,0,0,1
reject,1,1,1,0,1,0,0
rejoic,0,0,0,1,0,1,1
rekindl,0,0,1,1,0,1,0
relaps,0,0,1,0,1,0,0
relic,0,0,0,0,1,0,0
reluct,0,0,1,0,0,0,0
remain,0,1,1,0,0,0,0
remand,1,0,0,0,0,0,0
remark,0,0,0,1,0,1,0
remedi,0,0,0,1,0,0,1
remiss,1,1,0,0,1,0,0
remors,0,0,0,0,1,0,0
remov,1,0,1,0,1,0,0
renegad,1,0,0,0,0,0,0
renounc,1,0,0,0,0,0,0
renov,0,0,0,1,0,0,1
repay,1,0,0,1,0,0,1
repel,1,1,1,0,0,0,0
repent,0,0,1,0,0,0,0
repress,0,0,1,0,1,0,0
reprimand,1,0,0,0,0,0,0
repris,1,0,1,0,1,0,0
reproach,1,1,0,0,1,0,0
reproduct,0,0,0,1,0,0,0
repudi,1,1,0,0,0,0,0
repuls,0,1,1,0,0,0,0
requiem,0,0,0,0,1,0,0
rescu,0,0,0,1,0,1,1
resect,0,0,1,0,0,0,0
resent,1,1,0,0,1,0,0
resign,1,1,1,0,1,1,0
resist,1,0,1,0,1,0,0
resourc,0,0,0,1,0,0,0
respect,0,0,0,1,0,0,1
respit,0,0,0,1,0,0,0
resplend,0,0,0,1,0,0,0
respons,0,0,0,0,0,0,1
restitut,1,0,0,0,0,0,0
restor,0,0,0,1,0,0,0
restrain,1,0,1,0,0,0,0
restrict,1,0,1,0,1,0,0
retali,1,0,1,0,0,0,0
retaliatori,1,0,0,0,0,0,0
retard,0,1,1,0,1,0,0
retic,0,0,1,0,0,0,0
retir,0,0,1,1,1,0,0
retract,1,0,0,0,0,0,0
retrench,0,0,1,0,0,0,0
retribut,1,0,1,0,1,0,0
revel,0,0,0,1,0,0,0
reveng,1,0,1,0,0,1,0
rever,0,0,0,1,0,0,1
reverend,0,0,0,1,0,0,0
reveri,0,0,0,1,0,0,0
revers,1,1,0,0,0,1,0
reviv,0,0,0,1,0,0,1
revok,1,1,1,0,1,0,0
revolt,1,1,1,0,0,1,0
revolut,1,0,1,0,1,1,1
revolv,1,0,1,0,1,0,0
revuls,1,1,1,0,0,0,0
reward,0,0,0,1,0,1,1
rheumat,1,0,1,0,1,0,0
rhythmic,0,0,0,1,0,1,0
ribbon,1,0,0,1,0,0,0
riddl,0,0,0,0,0,1,0
ridicul,1,1,0,0,1,0,0
rifl,1,0,1,0,0,0,0
rigor,0,1,1,0,0,0,0
ringer,1,0,0,0,0,0,0
riot,1,0,1,0,0,0,0
riotou,1,0,1,0,0,1,0
rise,0,0,0,1,0,0,0
risk,0,0,1,0,0,0,0
riski,0,0,1,0,0,0,0
rivalri,1,0,0,0,0,0,0
roadster,0,0,0,1,0,0,0
rob,1,1,1,0,1,0,0
robber,0,1,1,0,0,0,0
robberi,1,1,1,0,1,0,0
rocket,1,0,0,0,0,0,0
rod,0,0,1,0,0,0,0
rogu,0,1,0,0,0,0,0
rollick,0,0,0,1,0,0,0
romanc,0,0,1,1,1,1,0
romant,0,0,0,1,0,0,1
romantic,0,0,0,1,0,0,0
romp,0,0,0,1,0,0,0
rook,1,1,0,0,0,0,0
rot,0,1,1,0,1,0,0
row,1,0,0,0,0,0,0
rubbish,0,1,0,0,0,0,0
rubbl,0,0,1,0,1,0,0
rue,0,0,0,0,1,0,0
ruin,1,1,1,0,1,0,0
ruinou,1,1,1,0,1,0,0
rule,0,0,1,0,0,0,0
rumor,0,0,0,0,1,0,0
runaway,0,0,0,0,1,0,0
ruptur,0,0,1,0,1,1,0
ruthless,1,1,1,0,0,0,0
saber,1,0,1,0,0,0,0
sabotag,1,1,1,0,1,1,0
sacrific,0,1,1,0,1,0,0
sadli,0,0,0,0,1,0,0
sad,0,0,0,0,1,0,0
safe,0,0,0,1,0,0,0
sag,0,0,1,0,0,0,0
saint,0,0,0,1,0,1,1
saintli,0,0,0,1,0,1,1
salari,0,0,0,1,0,0,0
salli,0,0,0,0,0,1,0
saloon,1,0,0,0,0,0,0
salutari,0,0,0,1,0,0,0
salut,0,0,0,1,0,0,0
salvat,0,0,0,1,0,0,1
samurai,0,0,1,0,0,0,0
sanctif,0,0,0,1,0,0,0
sanctifi,0,0,0,1,1,1,1
sanctuari,0,0,0,1,0,0,1
sap,0,0,0,0,1,0,0
sarcasm,1,1,0,0,1,0,0
sarcoma,0,0,1,0,1,0,0
satan,1,0,0,0,0,0,0
satisfi,0,0,0,1,0,0,0
satur,0,1,0,0,0,0,0
savag,1,0,1,0,0,0,0
savageri,1,0,1,0,0,0,0
save,0,0,0,1,0,0,0
savor,0,1,0,1,1,0,1
scaffold,0,0,1,0,0,0,0
scalpel,0,0,1,0,0,0,0
scandal,1,0,1,0,0,0,0
scapegoat,1,0,1,0,0,0,0
scar,1,1,1,0,1,0,0
scarc,0,0,1,0,1,0,0
scarciti,1,0,1,0,1,0,0
scare,1,0,1,0,0,1,0
scarecrow,0,0,1,0,0,0,0
schism,1,0,0,0,0,0,0
schizophrenia,1,1,1,0,1,0,0
scholarship,0,0,0,1,0,0,0
scoff,1,1,0,0,0,0,0
scold,1,1,1,0,1,0,0
scorch,1,0,0,0,0,0,0
score,0,0,0,1,0,1,0
scorn,1,0,0,0,0,0,0
scorpion,1,1,1,0,0,1,0
scoundrel,1,1,1,0,0,0,0
scourg,1,0,1,0,1,0,0
scrapi,1,0,1,0,1,0,0
scream,1,1,1,0,0,1,0
screech,0,0,1,0,0,1,0
screw,1,0,0,0,0,0,0
scrimmag,0,0,0,0,0,1,0
scrub,0,1,0,0,0,0,0
scum,0,1,0,0,0,0,0
seclud,0,0,0,0,1,0,0
seclus,0,0,1,0,0,0,0
secreci,0,0,0,0,0,1,0
secret,0,1,0,0,0,0,0
sectarian,1,0,1,0,0,0,0
sedit,1,0,0,0,1,0,0
segreg,1,1,0,0,1,0,0
seiz,0,0,1,0,0,0,0
seizur,0,0,1,0,0,0,0
selfish,1,1,0,0,0,0,0
senil,0,0,1,0,1,0,0
sensat,0,0,0,1,0,0,0
senseless,1,1,1,0,1,1,0
sensual,0,0,0,1,0,1,0
sensuou,0,0,0,1,0,0,0
sentenc,1,1,1,0,1,0,0
separatist,1,1,0,0,0,0,0
sepsi,0,0,1,0,1,0,0
septic,0,1,0,0,0,0,0
sequestr,0,0,0,0,1,0,0
seren,0,0,0,1,0,0,1
serious,0,0,1,0,1,0,0
serpent,0,1,1,0,0,0,0
servil,0,1,1,0,1,0,0
setback,0,0,0,0,1,0,0
settlor,0,0,1,0,0,0,0
sever,0,0,0,0,1,0,0
sewag,0,1,0,0,0,0,0
sewer,0,1,0,0,0,0,0
sewerag,0,1,0,0,0,0,0
sex,0,0,0,1,0,0,0
shabbi,0,1,0,0,0,0,0
shack,0,1,0,0,1,0,0
shackl,1,1,1,0,1,0,0
shadi,0,0,1,0,0,0,0
shake,0,0,1,0,0,0,0
shaki,1,0,1,0,0,0,0
sham,1,1,0,0,0,0,0
shame,0,1,1,0,1,0,0
shameless,0,1,0,0,0,0,0
shanghai,0,1,1,0,0,0,0
shank,0,0,1,0,0,0,0
share,0,0,0,1,0,0,0
sharpen,1,0,0,0,0,0,0
shatter,1,0,1,0,1,1,0
shell,1,0,1,0,1,1,0
shine,0,0,0,1,0,0,0
shipwreck,0,0,1,0,1,0,0
shit,1,1,0,0,0,0,0
shiver,1,0,1,0,1,0,0
shock,1,0,1,0,0,1,0
shockingli,0,0,0,0,0,1,0
shoddi,1,1,0,0,0,0,0
shoot,1,0,1,0,0,0,0
shooter,0,0,1,0,0,0,0
shop,0,0,0,1,0,1,0
shoplift,1,1,0,0,0,0,0
shortag,1,0,1,0,1,0,0
shot,1,0,1,0,1,1,0
shout,1,0,0,0,0,1,0
shove,1,0,0,0,0,0,0
shrapnel,0,0,1,0,0,0,0
shriek,1,0,1,0,1,1,0
shrill,1,0,1,0,0,1,0
shrink,0,0,1,0,1,0,0
shroud,0,0,0,0,1,0,0
shudder,0,0,1,0,0,0,0
shun,1,1,0,0,1,0,0
sick,0,1,1,0,1,0,0
sicken,1,1,1,0,1,0,0
sickli,0,1,0,0,1,0,0
silli,0,0,0,1,0,0,0
simmer,1,0,0,0,0,0,0
simplifi,0,0,0,1,0,1,1
sin,1,1,1,0,1,0,0
sing,0,0,0,1,1,0,0
singularli,0,0,0,0,0,1,0
sinist,1,1,1,0,0,0,0
sinner,1,1,1,0,1,0,0
siren,0,0,1,0,0,0,0
sisterhood,1,0,0,0,1,1,0
sizzl,1,0,0,0,0,0,0
skew,1,0,0,0,0,0,0
skid,1,0,1,0,1,0,0
skirmish,1,0,0,0,0,0,0
slam,1,0,1,0,0,1,0
slander,1,1,0,0,0,0,0
slap,1,0,0,0,0,1,0
slash,1,0,0,0,0,0,0
slaughter,1,1,1,0,1,1,0
slaughterhous,1,1,1,0,1,0,0
slave,1,0,1,0,1,0,0
slaveri,1,1,1,0,1,0,0
slay,1,0,0,0,0,0,0
slayer,1,1,1,0,1,1,0
slime,0,1,0,0,0,0,0
slimi,0,1,0,0,0,0,0
slip,0,0,0,0,0,1,0
slop,0,1,0,0,0,0,0
sloppi,0,1,0,0,0,0,0
sloth,0,1,0,0,0,0,0
sludg,0,1,0,0,0,0,0
slug,0,1,0,0,0,0,0
sluggish,0,0,0,0,1,0,0
slum,0,1,0,0,0,0,0
slump,0,0,0,0,1,0,0
slur,1,1,0,0,1,0,0
slush,0,1,0,0,0,1,0
slut,1,1,0,0,0,0,0
sli,1,1,1,0,0,0,0
smack,1,0,0,0,0,0,0
smash,1,0,1,0,0,0,0
smell,1,1,0,0,0,0,0
smile,0,0,0,1,0,1,0
smite,1,0,1,0,1,0,0
smother,1,0,0,0,0,0,0
smuggl,0,0,1,0,0,0,0
smuggler,1,1,1,0,0,0,0
smut,0,1,1,0,0,0,0
snag,0,0,0,0,0,1,0
snake,0,1,1,0,0,0,0
snare,0,0,1,0,0,0,0
snarl,1,1,0,0,0,0,0
sneak,1,0,1,0,0,1,0
sneer,1,1,0,0,0,0,0
sneez,0,1,0,0,0,1,0
snort,0,0,0,0,1,0,0
sob,0,0,0,0,1,0,0
social,0,1,1,0,0,0,0
socialist,1,1,1,0,1,0,0
soil,0,1,0,0,0,0,0
soldier,1,0,0,0,1,0,0
somat,0,0,0,0,0,1,0
somber,0,0,0,0,1,0,0
sonnet,0,0,0,1,1,0,0
sonor,0,0,0,1,0,0,0
soot,0,1,0,0,0,0,0
sooth,0,0,0,1,0,0,0
sorceri,0,0,1,0,0,1,0
sordid,1,1,1,0,1,0,0
sore,1,1,0,0,1,0,0
sorrow,0,0,1,0,1,0,0
sorti,0,0,1,0,0,0,0
soulless,0,1,1,0,1,0,0
soulmat,0,0,1,0,0,0,0
sound,0,0,0,1,0,0,1
sour,0,1,0,0,0,0,0
spa,0,0,0,1,0,1,0
spaniel,0,0,0,1,0,0,0
spank,1,0,1,0,1,0,0
sparkl,0,0,0,1,0,1,1
spasm,0,0,1,0,0,0,0
spat,1,0,0,0,0,0,0
spear,1,0,1,0,0,0,0
special,0,0,0,1,0,0,0
speck,0,1,0,0,0,0,0
spectacular,0,0,0,0,0,1,0
specter,0,0,1,0,1,0,0
specul,0,0,1,0,1,0,0
spew,0,1,0,0,0,0,0
spider,0,1,1,0,0,0,0
spike,0,0,1,0,0,0,0
spine,1,0,0,0,0,0,0
spinster,0,0,1,0,1,0,0
spirit,0,0,0,1,0,1,0
spit,0,1,0,0,0,0,0
spite,1,0,0,0,0,0,0
splash,0,0,0,0,0,1,0
splendid,0,0,0,1,0,1,0
splendor,0,0,0,1,0,1,1
split,0,0,0,0,1,0,0
spoil,0,1,0,0,0,0,0
spoiler,0,0,0,0,1,0,0
spook,0,0,1,0,0,0,0
spous,0,0,0,1,0,0,0
sprain,0,0,0,0,1,0,0
sprite,0,0,1,0,0,0,0
spur,0,0,1,0,0,0,0
spuriou,0,1,0,0,0,0,0
squall,0,0,1,0,1,0,0
squeamish,0,1,1,0,0,0,0
squelch,1,1,0,0,0,0,0
squirm,0,1,0,0,0,0,0
stab,1,0,1,0,1,1,0
stagger,0,0,0,0,0,1,0
stagnant,0,0,0,0,1,0,0
stain,0,1,0,0,0,0,0
stalem,1,1,0,0,0,0,0
stalk,0,0,1,0,0,0,0
stall,0,1,0,0,0,0,0
standoff,1,0,1,0,0,0,0
standstil,1,0,0,0,0,0,0
star,0,0,0,1,0,0,1
starri,0,0,0,1,0,0,0
startl,0,0,1,0,0,1,0
starvat,0,0,1,0,1,0,0
steadi,0,0,0,0,0,1,0
steal,1,1,1,0,1,0,0
stealth,0,0,0,0,0,1,0
stealthili,0,0,0,0,0,1,0
stealthi,0,0,1,0,0,1,0
steril,0,0,0,0,1,0,0
sterl,1,0,0,1,0,0,0
sticki,0,1,0,0,0,0,0
stifl,1,0,1,0,1,0,0
stigma,1,1,1,0,1,0,0
stillborn,0,0,0,0,1,0,0
still,0,0,1,0,1,0,0
sting,1,0,1,0,0,0,0
stingi,1,1,1,0,1,0,0
stink,0,1,0,0,0,0,0
stint,0,0,1,0,1,0,0
stolen,1,0,0,0,0,0,0
stomach,0,1,0,0,0,0,0
stone,1,0,0,0,0,0,0
stool,0,1,0,0,0,0,0
storm,1,0,0,0,0,0,0
stormi,0,0,1,0,0,0,0
strain,1,0,0,0,0,0,0
strait,0,0,1,0,0,0,0
stranger,0,0,1,0,0,0,0
strangl,1,1,1,0,1,1,0
strengthen,0,0,0,1,0,0,0
stretcher,0,0,1,0,1,0,0
stricken,0,0,0,0,1,0,0
strife,1,0,0,0,0,0,0
strike,1,0,0,0,0,0,0
strip,1,1,1,0,1,0,0
stroke,0,0,1,0,1,0,0
struggl,1,0,1,0,1,0,0
stun,0,0,1,0,0,1,0
sti,0,1,0,0,0,0,0
subito,0,0,0,0,0,1,0
subject,0,0,0,0,1,0,0
subjug,1,1,1,0,1,0,0
sublim,0,0,0,1,0,0,0
subordin,0,0,1,0,0,0,0
subsid,0,0,0,0,1,0,0
subsidi,1,1,0,0,0,0,0
subvers,1,0,1,0,0,1,0
subvert,0,1,1,0,1,0,0
succeed,0,0,0,1,0,1,1
success,0,0,0,1,0,0,1
sucker,1,0,0,0,0,0,0
sudden,0,0,0,0,0,1,0
suddenli,0,0,0,0,0,1,0
sue,1,0,0,0,1,0,0
suffer,0,1,1,0,1,0,0
suffoc,1,1,1,0,1,0,0
suicid,1,1,1,0,1,0,0
sullen,1,0,0,0,1,0,0
sultan,0,0,1,0,0,0,0
sump,0,1,0,0,0,0,0
sun,0,0,0,1,0,1,0
sunk,0,1,1,0,1,0,0
sunni,0,0,0,1,0,1,1
sunshin,0,0,0,1,0,0,0
superman,0,0,0,1,0,0,0
superstar,0,0,0,1,0,0,0
superstit,0,0,1,0,0,0,0
superstiti,0,0,1,0,0,0,0
support,0,0,0,1,0,0,0
suppress,1,1,1,0,1,0,0
supremaci,1,0,1,1,0,1,1
surcharg,1,0,0,0,0,0,0
surg,0,0,0,0,0,1,0
surgeri,0,0,1,0,1,0,0
surli,1,1,0,0,0,0,0
surpris,0,0,1,1,0,1,0
surprisingli,0,0,0,0,0,1,0
surrend,0,0,1,0,1,0,0
surveil,0,0,1,0,0,0,0
suspect,0,0,1,0,0,0,0
suspens,0,0,1,0,0,1,0
suspicion,0,0,1,0,0,0,0
suspici,1,0,0,0,0,0,0
swamp,0,1,1,0,0,0,0
swampi,0,1,1,0,0,0,0
swarm,0,1,0,0,0,0,0
swastika,1,0,1,0,0,0,0
sweat,0,0,1,0,0,0,0
sweet,0,0,0,1,0,1,1
sweetheart,0,0,0,1,1,0,1
swell,0,0,1,0,0,0,0
swerv,0,0,1,0,0,1,0
swig,0,1,0,0,0,0,0
swim,0,0,1,1,0,0,0
swine,0,1,0,0,0,0,0
symmetri,0,0,0,1,0,0,0
sympathet,0,0,1,1,1,0,0
sympath,0,0,0,0,1,0,0
sympathi,0,0,0,0,1,0,0
symphoni,0,0,0,1,0,0,0
synchron,0,0,0,1,0,1,0
syncop,0,0,1,0,1,1,0
synonym,0,0,1,0,0,0,0
syring,0,0,1,0,0,0,0
taboo,0,1,1,0,0,0,0
tackl,1,0,0,0,0,1,0
tactic,0,0,1,0,0,0,0
taint,0,0,0,0,1,0,0
talon,1,0,1,0,0,0,0
tantal,0,0,0,1,0,1,1
tariff,1,1,0,0,0,0,0
tarnish,0,1,0,0,1,0,0
tasteless,0,1,0,0,0,0,0
taunt,1,0,1,0,1,0,0
tawni,0,1,0,0,0,0,0
tax,0,0,0,0,1,0,0
teach,0,0,0,1,0,1,0
tear,0,1,1,0,1,0,0
teas,1,0,1,0,1,0,0
teem,0,1,0,0,0,0,0
tempest,1,0,1,0,1,1,0
tender,0,0,0,1,0,0,0
tension,1,0,0,0,0,0,0
termin,0,0,1,0,1,0,0
termit,0,1,0,0,0,0,0
terribl,1,1,1,0,1,0,0
terrif,0,0,0,0,1,0,0
terror,1,1,1,0,1,0,0
terrorist,1,1,1,0,1,1,0
tetanu,0,1,0,0,0,0,0
thank,0,0,0,1,0,0,0
thanksgiv,0,0,0,1,0,0,0
theft,1,1,1,0,1,0,0
theism,0,1,0,0,0,0,0
theocrat,1,0,1,0,1,0,0
therapeut,0,0,0,1,0,0,0
thief,1,1,1,0,1,1,0
thirst,0,0,0,0,1,1,0
thirteenth,0,0,1,0,0,0,0
thorni,0,0,1,0,0,0,0
thoughtless,1,1,0,0,0,0,0
thrash,1,1,1,0,1,0,0
threat,1,0,1,0,0,0,0
threaten,1,1,1,0,0,0,0
thresh,1,0,1,0,1,0,0
thrift,0,1,0,0,0,0,0
thrill,0,0,1,1,0,1,1
thrive,0,0,0,1,0,0,1
throb,0,0,1,0,1,0,0
throttl,1,0,0,0,0,0,0
thug,1,1,1,0,0,0,0
thump,1,0,1,0,0,0,0
thunder,1,0,1,0,0,0,0
thwart,0,0,0,0,0,1,0
tickl,0,0,0,1,0,1,1
tiff,1,0,0,0,0,0,0
tighten,1,0,0,0,0,0,0
timid,0,0,1,0,1,0,0
tinsel,0,0,0,1,0,0,0
tirad,1,1,0,0,0,0,0
toad,0,1,0,0,0,0,0
toast,0,0,0,1,0,0,0
toilet,0,1,0,0,0,0,0
toler,1,0,0,0,1,0,0
tomb,0,0,0,0,1,0,0
toothach,0,0,1,0,0,0,0
top,0,0,0,0,0,0,1
toppl,0,0,0,0,0,1,0
torment,1,0,1,0,1,0,0
tornado,0,0,1,0,0,0,0
torpedo,1,0,0,0,0,0,0
torrent,0,0,1,0,0,0,0
tortiou,1,1,0,0,0,0,0
tortur,1,1,1,0,1,0,0
touchi,1,0,0,0,1,0,0
tough,1,0,1,0,1,0,0
tower,0,0,1,0,0,0,0
toxic,0,1,0,0,0,0,0
toxin,0,0,1,0,0,0,0
tract,0,0,1,0,0,0,0
tragedi,0,0,1,0,1,0,0
traitor,1,1,1,0,1,0,0
tramp,0,1,1,0,1,0,0
tranquil,0,0,0,1,0,0,0
transcend,0,0,0,1,0,1,0
trash,0,1,0,0,1,0,0
trashi,0,1,0,0,0,0,0
traumat,1,0,1,0,1,0,0
travesti,0,1,1,0,1,0,0
treacher,1,1,1,0,0,0,0
treacheri,1,0,1,0,1,1,0
treason,1,1,1,0,0,1,0
treasur,0,0,0,1,0,0,1
treat,1,1,1,1,1,1,1
tree,1,1,0,1,0,1,0
trembl,0,0,1,0,0,0,0
tremor,1,0,1,0,1,0,0
trepid,0,0,1,0,0,1,0
trespass,1,0,0,0,0,0,0
tribul,0,0,1,0,1,0,0
tribun,0,1,1,0,0,0,0
trick,0,0,0,0,0,1,0
trickeri,1,1,1,0,1,1,0
trip,1,0,0,0,1,1,0
triumph,0,0,0,1,0,0,1
triumphant,0,0,0,1,0,0,1
troll,1,0,1,0,0,0,0
trophi,0,0,0,1,0,1,0
troublesom,1,0,1,0,0,0,0
truce,0,0,0,1,0,0,0
true,0,0,0,1,0,0,0
trump,0,0,0,0,0,1,0
tumor,0,0,1,0,0,0,0
tumour,0,0,1,0,1,0,0
tumult,1,0,1,0,0,1,0
tumultu,1,0,1,0,0,0,0
turbul,1,0,1,0,0,0,0
turmoil,1,0,1,0,1,0,0
tussl,1,0,0,0,0,0,0
twinkl,0,0,0,1,0,0,0
typhoon,0,0,1,0,0,0,0
tyrann,1,1,1,0,0,0,0
tyranni,0,0,1,0,1,0,0
tyrant,1,1,1,0,1,0,0
ugli,0,1,1,0,1,0,0
ulcer,1,1,1,0,1,0,0
ultim,0,0,0,0,1,0,1
ultimatum,1,0,1,0,0,0,0
unabl,0,0,0,0,1,0,0
unaccept,0,0,0,0,1,0,0
unaccount,0,1,0,0,1,0,0
unacknowledg,0,0,0,0,1,0,0
unanticip,0,0,0,0,0,1,0
unattain,1,0,0,0,1,0,0
unattract,0,1,0,0,1,0,0
unbear,0,1,0,0,1,0,0
unbeaten,0,0,0,1,1,1,0
unbridl,1,0,1,0,0,1,0
uncanni,0,0,1,0,0,1,0
uncar,1,1,0,0,1,0,0
uncertain,1,1,1,0,0,1,0
unclean,0,1,0,0,0,0,0
unconscion,0,1,0,0,0,0,0
unconstrain,0,0,0,1,0,0,0
uncontrol,1,0,0,0,0,1,0
uncov,0,0,0,0,0,1,0
undecid,0,0,1,0,0,0,0
underestim,0,0,0,0,0,1,0
underpaid,1,0,0,0,1,0,0
undertak,0,0,0,0,1,0,0
undesir,1,1,1,0,1,0,0
undiscov,0,0,0,0,0,1,0
undoubt,0,1,0,0,0,0,0
undi,0,0,0,1,1,0,0
uneasi,0,1,1,0,1,0,0
uneduc,0,0,0,0,1,0,0
unemploy,0,0,1,0,1,0,0
unequ,1,1,1,0,1,0,0
unexpect,0,0,1,1,0,1,1
unexpectedli,0,0,0,0,0,1,0
unexplain,0,0,0,0,1,0,0
unfair,1,1,0,0,1,0,0
unfaith,0,1,0,0,0,0,0
unfavor,0,1,0,0,1,0,0
unforeseen,0,0,0,0,0,1,0
unforgiv,1,0,0,0,1,0,0
unfortun,0,0,0,0,1,0,0
unfriendli,1,1,1,0,1,0,0
unfulfil,1,0,0,0,1,1,0
ungodli,0,0,0,0,1,0,0
ungrat,1,1,0,0,0,0,0
unguard,0,0,0,0,0,1,0
unhappi,1,1,0,0,1,0,0
unhealthi,0,1,1,0,1,0,0
unholi,0,0,1,0,0,0,0
unif,0,0,0,1,0,0,0
unimagin,0,0,0,0,0,1,0
unimport,0,0,0,0,1,0,0
uninspir,0,0,0,0,1,0,0
unintend,0,0,0,0,0,1,0
unintent,0,0,0,0,0,1,0
uninterest,0,0,0,0,1,0,0
uninvit,0,0,0,0,1,0,0
uniqu,0,0,0,0,0,1,0
unjust,1,0,0,0,0,0,0
unjustifi,1,1,1,0,0,0,0
unkind,1,1,1,0,1,0,0
unknown,0,0,1,0,0,0,0
unlaw,1,1,1,0,1,0,0
unlucki,1,1,1,0,1,0,0
unmanag,0,1,0,0,0,0,0
unnatur,0,1,1,0,0,0,0
unpaid,1,0,0,0,1,0,0
unpleas,0,1,0,0,1,0,0
unpopular,0,1,0,0,1,0,0
unpreced,0,0,0,0,0,1,0
unpredict,0,0,0,0,0,1,0
unpublish,0,0,0,0,1,0,0
unrequit,0,0,0,0,1,0,0
unrest,0,0,1,0,1,0,0
unruli,1,1,1,0,0,0,0
unsaf,0,0,1,0,0,0,0
unsatisfactori,0,1,0,0,0,0,0
unsatisfi,0,1,0,0,1,0,0
unseat,0,0,0,0,1,0,0
unsettl,1,1,1,0,0,0,0
unsightli,0,1,0,0,0,0,0
unspeak,0,0,1,0,0,0,0
unstabl,0,0,1,0,0,1,0
unsteadi,0,0,1,0,0,0,0
unsuccess,0,0,0,0,1,0,0
unsurpass,0,0,1,1,0,0,0
unsuspect,0,0,0,0,0,1,0
unsympathet,1,0,0,0,0,0,0
unthink,1,1,1,0,0,0,0
untidi,0,1,0,0,0,0,0
unti,0,0,0,1,0,0,0
untitl,0,0,0,0,1,0,0
untoward,1,1,0,0,0,0,0
untrustworthi,1,0,0,0,0,0,0
unwash,0,1,0,0,0,0,0
unwelcom,0,0,0,0,1,0,0
unwel,0,0,0,0,1,0,0
unworthi,0,1,0,0,0,0,0
upheav,1,0,1,0,1,0,0
uphil,0,0,1,0,0,0,0
uplift,0,0,0,1,0,0,1
upris,1,0,1,0,0,0,0
upset,1,0,0,0,1,0,0
urgenc,0,0,1,0,0,1,0
urgent,0,0,1,0,0,1,0
urn,0,0,0,0,1,0,0
usurp,1,0,1,0,0,0,0
utopian,0,0,0,1,0,0,0
vacat,0,0,0,1,0,0,0
vacuou,0,1,0,0,0,0,0
vainli,0,1,0,0,1,0,0
valid,0,0,1,0,0,0,0
vampir,1,1,1,0,0,0,0
vanish,0,0,1,0,1,1,0
variabl,0,0,0,0,0,1,0
varicella,0,1,1,0,1,0,0
veal,0,0,0,0,1,0,0
veer,0,0,1,0,0,1,0
veget,0,1,0,0,1,0,0
vehement,1,0,1,0,0,0,0
vendetta,1,0,1,0,1,0,0
vener,0,0,0,1,0,0,1
vengeanc,1,0,0,0,0,0,0
veng,1,0,1,0,0,0,0
venom,1,1,1,0,0,0,0
vent,1,0,0,0,0,0,0
verac,0,0,0,1,0,1,0
verdict,0,0,1,0,0,0,0
verg,0,0,1,0,0,0,0
vermin,1,1,1,0,0,0,0
vernal,0,0,0,1,0,0,0
versu,1,0,0,0,0,0,0
vertigo,0,0,1,0,0,0,0
vesicular,0,1,0,0,0,0,0
veto,1,0,0,0,0,0,0
viciou,1,1,0,0,0,0,0
victim,1,1,1,0,1,1,0
victor,0,0,0,1,0,0,0
victori,0,0,0,1,0,0,1
vigil,0,0,1,0,0,0,1
villain,1,1,1,0,0,0,0
vindic,1,0,0,1,0,0,0
vindict,1,1,0,0,0,0,0
violat,1,0,1,0,1,1,0
violenc,1,0,1,0,1,0,0
violent,1,1,1,0,1,1,0
viper,0,0,1,0,0,0,0
virtuou,0,0,0,1,0,0,0
virul,1,0,1,0,0,0,0
visionari,0,0,0,1,0,0,1
visitor,0,0,0,1,0,0,0
visor,0,0,0,0,0,1,0
vital,0,0,0,1,0,0,0
vivaci,0,0,0,1,0,0,0
vivid,0,0,0,1,0,0,0
volatil,1,0,1,0,0,1,0
volcano,0,0,1,0,0,1,0
volunt,0,0,1,1,0,0,0
voluptu,0,0,0,1,0,0,0
vomit,0,1,0,0,0,0,0
vote,1,0,0,1,1,1,0
vow,0,0,0,1,0,0,1
vulgar,1,1,0,0,1,0,0
vulner,0,0,1,0,1,0,0
vultur,0,1,1,0,0,0,0
waffl,1,0,0,0,1,0,0
wage,0,0,0,1,0,0,0
wail,0,0,1,0,1,0,0
wallow,0,1,0,0,1,0,0
wan,0,0,1,0,1,0,0
wane,0,0,0,0,1,0,0
want,0,0,0,0,1,0,0
war,0,0,1,0,0,0,0
warden,1,0,1,0,0,0,0
ware,0,0,1,0,0,0,0
warfar,1,0,1,0,1,0,0
warlik,1,0,1,0,0,0,0
warlock,0,0,1,0,0,0,0
warn,0,0,1,0,0,1,0
warp,1,0,0,0,1,0,0
warrior,1,0,1,0,0,0,0
wart,0,1,0,0,0,0,0
wari,0,0,1,0,0,0,0
wast,1,1,1,0,1,0,0
watch,0,0,1,0,0,0,0
waver,0,0,1,0,0,0,0
weakli,0,0,1,0,1,0,0
wealth,0,0,0,1,0,0,0
wearili,0,0,0,0,1,0,0
weari,0,0,0,0,1,0,0
weed,0,0,0,0,1,0,0
weep,0,0,0,0,1,0,0
weight,0,1,1,1,1,1,0
weighti,0,0,1,0,0,0,0
weird,0,1,0,0,0,0,0
weirdo,0,0,1,0,0,0,0
welcom,0,0,0,1,0,0,0
wench,1,1,0,0,0,0,0
whim,0,0,0,1,0,1,0
whimper,0,0,1,0,1,0,0
whimsic,0,0,0,1,0,0,0
whine,0,1,0,0,1,0,0
whip,1,0,0,0,0,0,0
whirlpool,0,0,1,0,0,0,0
whirlwind,0,0,1,0,0,0,0
white,0,0,0,1,0,0,0
whore,0,1,0,0,0,0,0
wick,0,0,1,0,0,0,0
wicked,0,1,0,0,0,0,0
widow,0,0,0,0,1,0,0
wild,0,0,0,0,0,1,0
wilder,0,0,1,0,1,0,0
wildfir,0,0,1,0,1,1,0
will,1,0,0,0,1,0,0
wimp,0,1,1,0,0,0,0
wimpi,1,1,1,0,1,0,0
winc,1,1,1,0,1,0,0
winner,0,0,0,1,0,1,0
win,0,1,0,1,1,1,1
wireless,1,0,0,0,0,1,0
witch,1,1,1,0,0,0,0
witchcraft,1,0,1,0,1,0,0
withdraw,0,0,0,0,1,0,0
wither,0,1,0,0,1,0,0
withstand,0,0,1,0,0,0,0
witti,0,0,0,1,0,0,0
wizard,0,0,0,0,0,1,0
woe,0,1,1,0,1,0,0
woeful,0,0,0,0,1,0,0
woefulli,0,1,0,0,1,0,0
wonder,0,0,0,1,0,1,0
wop,1,0,0,0,0,0,0
word,1,0,0,0,0,0,0
worm,0,0,0,0,0,1,0
worn,0,0,0,0,1,0,0
worri,0,0,1,0,1,0,0
wors,0,0,1,0,1,0,0
worsen,0,1,0,0,1,0,0
worship,0,0,1,1,0,0,1
worthless,1,1,0,0,1,0,0
wound,1,0,1,0,1,0,0
wrangl,1,1,1,0,1,0,0
wrath,1,0,1,0,0,0,0
wreak,1,0,0,0,0,0,0
wreck,1,1,1,0,1,1,0
wretch,1,1,0,0,1,0,0
wring,1,0,0,0,0,0,0
wrinkl,0,0,0,0,1,0,0
wrong,1,1,0,0,1,0,0
wrongdo,1,1,0,0,1,0,0
wrongli,1,0,1,0,1,0,0
xenophobia,0,0,1,0,0,0,0
yearn,0,0,0,1,0,0,1
yell,1,0,1,0,0,1,0
yelp,1,0,1,0,0,1,0
youth,1,0,1,1,0,1,0
zani,0,0,0,0,0,1,0
zeal,0,0,0,1,0,1,1
zealou,0,0,0,1,0,0,0
zest,0,0,0,1,0,0,1
